/*
 Navicat MySQL Data Transfer

 Source Server         : localhost
 Source Server Type    : MySQL
 Source Server Version : 50726
 Source Host           : localhost:3306
 Source Schema         : java_api

 Target Server Type    : MySQL
 Target Server Version : 50726
 File Encoding         : 65001

 Date: 21/08/2023 15:41:46
*/

SET NAMES utf8mb4;
SET FOREIGN_KEY_CHECKS = 0;

-- ----------------------------
-- Table structure for api_access
-- ----------------------------
DROP TABLE IF EXISTS `api_access`;
CREATE TABLE `api_access`  (
  `id` int(11) NOT NULL AUTO_INCREMENT,
  `role_id` varchar(100) CHARACTER SET utf8 COLLATE utf8_general_ci NOT NULL COMMENT '角色',
  `model_id` int(11) NOT NULL COMMENT '模型ID',
  `read` char(1) CHARACTER SET utf8 COLLATE utf8_general_ci NOT NULL DEFAULT '1' COMMENT '可读',
  `write` char(1) CHARACTER SET utf8 COLLATE utf8_general_ci NULL DEFAULT NULL COMMENT '可写',
  `remove` char(1) CHARACTER SET utf8 COLLATE utf8_general_ci NULL DEFAULT NULL COMMENT '可删',
  PRIMARY KEY (`id`) USING BTREE
) ENGINE = InnoDB AUTO_INCREMENT = 5 CHARACTER SET = utf8 COLLATE = utf8_general_ci COMMENT = '权限角色' ROW_FORMAT = Dynamic;

-- ----------------------------
-- Records of api_access
-- ----------------------------
INSERT INTO `api_access` VALUES (3, '1', 1, 'Y', 'Y', NULL);
INSERT INTO `api_access` VALUES (4, '2', 1, 'Y', 'N', NULL);

-- ----------------------------
-- Table structure for api_event
-- ----------------------------
DROP TABLE IF EXISTS `api_event`;
CREATE TABLE `api_event`  (
  `id` int(11) NOT NULL AUTO_INCREMENT,
  `model_id` int(11) NOT NULL COMMENT '所属模型',
  `action` char(2) CHARACTER SET utf8 COLLATE utf8_general_ci NOT NULL COMMENT '事件类型',
  `content` text CHARACTER SET utf8 COLLATE utf8_general_ci NOT NULL COMMENT '模拟脚本',
  `is_default` char(1) CHARACTER SET utf8 COLLATE utf8_general_ci NOT NULL DEFAULT 'N' COMMENT '是否默认',
  `status` char(1) CHARACTER SET utf8 COLLATE utf8_general_ci NOT NULL DEFAULT '1' COMMENT '状态',
  PRIMARY KEY (`id`) USING BTREE
) ENGINE = InnoDB AUTO_INCREMENT = 2 CHARACTER SET = utf8 COLLATE = utf8_general_ci COMMENT = '触发事件' ROW_FORMAT = Dynamic;

-- ----------------------------
-- Records of api_event
-- ----------------------------
INSERT INTO `api_event` VALUES (1, 3, 'BU', 'function exec(data){\n  return [\"DELETE FROM api_access WHERE model_id=\"+data.id];\n}', 'N', '1');

-- ----------------------------
-- Table structure for api_log
-- ----------------------------
DROP TABLE IF EXISTS `api_log`;
CREATE TABLE `api_log`  (
  `id` int(11) NOT NULL AUTO_INCREMENT,
  `model_id` int(11) NULL DEFAULT NULL COMMENT '数据模型',
  `log_type` char(10) CHARACTER SET utf8 COLLATE utf8_general_ci NOT NULL COMMENT '日志类型',
  `log_key` varchar(50) CHARACTER SET utf8 COLLATE utf8_general_ci NULL DEFAULT NULL COMMENT '数据主键',
  `log_data` varchar(500) CHARACTER SET utf8 COLLATE utf8_general_ci NULL DEFAULT NULL COMMENT '详细数据',
  `log_time` datetime NOT NULL COMMENT '记录时间',
  `user_id` varchar(50) CHARACTER SET utf8 COLLATE utf8_general_ci NOT NULL DEFAULT '1' COMMENT '操作人ID',
  `user_name` varchar(50) CHARACTER SET utf8 COLLATE utf8_general_ci NOT NULL COMMENT '操作人姓名',
  PRIMARY KEY (`id`) USING BTREE
) ENGINE = InnoDB AUTO_INCREMENT = 68 CHARACTER SET = utf8 COLLATE = utf8_general_ci COMMENT = '接口日志' ROW_FORMAT = Dynamic;

-- ----------------------------
-- Records of api_log
-- ----------------------------
INSERT INTO `api_log` VALUES (1, 3, 'update', '1', '{\"code\":\"data_student\",\"name\":\"学生信息\",\"id\":\"1\",\"group\":\"基础\",\"pk_field\":\"id\",\"unique_field\":\"num\",\"status\":\"1\",\"excels\":\"{\\n\\\"data_student\\\":{\\n    \\\"@alias\\\":\\\"s\\\",\\n    \\\"num\\\":\\\"学号\\\",\\n    \\\"name\\\":\\\"姓名\\\",\\n    \\\"sex\\\":\\\"性别\\\",\\n    \\\"class_name\\\":\\\"班级\\\"\\n},\\n\\\"data_student_parent\\\":{\\n    \\\"@column\\\":\\\"name:parent_name,type,phone\\\",\\n    \\\"@alias\\\":\\\"p\\\",\\n    \\\"tye\\\":\\\"关系\\\",\\n    \\\"parent_name\\\":\\\"家长姓名\\\",\\n    \\\"phone\\\":\\\"家长联系方式\\\",\\n    \\\"@join\\\":\\\"LEFT ON s.id = p.student_id\\\"\\n}\\n}\"}', '2023-08-19 14:16:47', '1', '若依');
INSERT INTO `api_log` VALUES (2, 5, 'insert', '1', '{\"read\":\"Y\",\"role_id\":\"1\",\"model_id\":\"1\",\"id\":1,\"write\":\"Y\"}', '2023-08-19 14:16:52', '1', '若依');
INSERT INTO `api_log` VALUES (3, 5, 'insert', '2', '{\"read\":\"Y\",\"role_id\":\"2\",\"model_id\":\"1\",\"id\":2,\"write\":\"Y\"}', '2023-08-19 14:16:53', '1', '若依');
INSERT INTO `api_log` VALUES (4, 3, 'update', '1', '{\"code\":\"data_student\",\"name\":\"学生信息\",\"id\":\"1\",\"group\":\"基础\",\"pk_field\":\"id\",\"unique_field\":\"num\",\"status\":\"1\",\"excels\":\"{\\n\\\"data_student\\\":{\\n    \\\"@alias\\\":\\\"s\\\",\\n    \\\"num\\\":\\\"学号\\\",\\n    \\\"name\\\":\\\"姓名\\\",\\n    \\\"sex\\\":\\\"性别\\\",\\n    \\\"class_name\\\":\\\"班级\\\"\\n},\\n\\\"data_student_parent\\\":{\\n    \\\"@column\\\":\\\"name:parent_name,type,phone\\\",\\n    \\\"@alias\\\":\\\"p\\\",\\n    \\\"tye\\\":\\\"关系\\\",\\n    \\\"parent_name\\\":\\\"家长姓名\\\",\\n    \\\"phone\\\":\\\"家长联系方式\\\",\\n    \\\"@join\\\":\\\"LEFT ON s.id = p.student_id\\\"\\n}\\n}\"}', '2023-08-19 14:18:14', '1', '若依');
INSERT INTO `api_log` VALUES (5, 3, 'update', '1', '{\"code\":\"data_student\",\"name\":\"学生信息\",\"id\":\"1\",\"group\":\"基础\",\"pk_field\":\"id\",\"unique_field\":\"num\",\"status\":\"1\",\"excels\":\"{\\\"data_student\\\":{    \\\"@alias\\\":\\\"s\\\",    \\\"num\\\":\\\"学号\\\",    \\\"name\\\":\\\"姓名\\\",    \\\"sex\\\":\\\"性别\\\",    \\\"class_name\\\":\\\"班级\\\"},\\\"data_student_parent\\\":{    \\\"@column\\\":\\\"name:parent_name,type,phone\\\",    \\\"@alias\\\":\\\"p\\\",    \\\"tye\\\":\\\"关系\\\",    \\\"parent_name\\\":\\\"家长姓名\\\",    \\\"phone\\\":\\\"家长联系方式\\\",    \\\"@join\\\":\\\"LEFT ON s.id = p.student_id\\\"}}\"}', '2023-08-19 14:25:54', '1', '若依');
INSERT INTO `api_log` VALUES (6, 3, 'update', '1', '{\"code\":\"data_student\",\"name\":\"学生信息\",\"id\":\"1\",\"group\":\"基础\",\"pk_field\":\"id\",\"unique_field\":\"num\",\"status\":\"1\",\"excels\":\"{\\\"data_student\\\":{    \\\"@alias\\\":\\\"s\\\",    \\\"num\\\":\\\"学号\\\",    \\\"name\\\":\\\"姓名\\\",    \\\"sex\\\":\\\"性别\\\",    \\\"class_name\\\":\\\"班级\\\"},\\\"data_student_parent\\\":{    \\\"@column\\\":\\\"name:parent_name,type,phone\\\",    \\\"@alias\\\":\\\"p\\\",    \\\"tye\\\":\\\"关系\\\",    \\\"parent_name\\\":\\\"家长姓名\\\",    \\\"phone\\\":\\\"家长联系方式\\\",    \\\"@join\\\":\\\"LEFT ON s.id = p.student_id\\\"}}\"}', '2023-08-19 14:26:01', '1', '若依');
INSERT INTO `api_log` VALUES (7, 3, 'update', '1', '{\"code\":\"data_student\",\"name\":\"学生信息\",\"id\":\"1\",\"group\":\"基础\",\"pk_field\":\"id\",\"unique_field\":\"num\",\"status\":\"1\",\"excels\":\"{\\\"data_student\\\":{    \\\"@alias\\\":\\\"s\\\",    \\\"num\\\":\\\"学号\\\",    \\\"name\\\":\\\"姓名\\\",    \\\"sex\\\":\\\"性别\\\",    \\\"class_name\\\":\\\"班级\\\"},\\\"data_student_parent\\\":{    \\\"@column\\\":\\\"name:parent_name,type,phone\\\",    \\\"@alias\\\":\\\"p\\\",    \\\"tye\\\":\\\"关系\\\",    \\\"parent_name\\\":\\\"家长姓名\\\",    \\\"phone\\\":\\\"家长联系方式\\\",    \\\"@join\\\":\\\"LEFT ON s.id = p.student_id\\\"}}\"}', '2023-08-19 14:27:41', '1', '若依');
INSERT INTO `api_log` VALUES (8, 3, 'update', '1', '{\"code\":\"data_student\",\"name\":\"学生信息\",\"id\":\"1\",\"group\":\"基础\",\"pk_field\":\"id\",\"unique_field\":\"num\",\"status\":\"1\",\"excels\":\"{\\\"data_student\\\":{    \\\"@alias\\\":\\\"s\\\",    \\\"num\\\":\\\"学号\\\",    \\\"name\\\":\\\"姓名\\\",    \\\"sex\\\":\\\"性别\\\",    \\\"class_name\\\":\\\"班级\\\"},\\\"data_student_parent\\\":{    \\\"@column\\\":\\\"name:parent_name,type,phone\\\",    \\\"@alias\\\":\\\"p\\\",    \\\"tye\\\":\\\"关系\\\",    \\\"parent_name\\\":\\\"家长姓名\\\",    \\\"phone\\\":\\\"家长联系方式\\\",    \\\"@join\\\":\\\"LEFT ON s.id = p.student_id\\\"}}\"}', '2023-08-19 14:29:08', '1', '若依');
INSERT INTO `api_log` VALUES (9, 3, 'event', '1', '{\"code\":\"data_student\",\"name\":\"学生信息\",\"id\":\"1\",\"group\":\"基础\",\"pk_field\":\"id\",\"unique_field\":\"num\",\"status\":\"1\",\"excels\":\"{\\\"data_student\\\":{    \\\"@alias\\\":\\\"s\\\",    \\\"num\\\":\\\"学号\\\",    \\\"name\\\":\\\"姓名\\\",    \\\"sex\\\":\\\"性别\\\",    \\\"class_name\\\":\\\"班级\\\"},\\\"data_student_parent\\\":{    \\\"@column\\\":\\\"name:parent_name,type,phone\\\",    \\\"@alias\\\":\\\"p\\\",    \\\"tye\\\":\\\"关系\\\",    \\\"parent_name\\\":\\\"家长姓名\\\",    \\\"phone\\\":\\\"家长联系方式\\\",    \\\"@join\\\":\\\"LEFT ON s.id = p.student_id\\\"}}\"}', '2023-08-19 14:30:33', '1', '若依');
INSERT INTO `api_log` VALUES (10, 3, 'update', '1', '{\"code\":\"data_student\",\"name\":\"学生信息\",\"id\":\"1\",\"group\":\"基础\",\"pk_field\":\"id\",\"unique_field\":\"num\",\"status\":\"1\",\"excels\":\"{\\\"data_student\\\":{    \\\"@alias\\\":\\\"s\\\",    \\\"num\\\":\\\"学号\\\",    \\\"name\\\":\\\"姓名\\\",    \\\"sex\\\":\\\"性别\\\",    \\\"class_name\\\":\\\"班级\\\"},\\\"data_student_parent\\\":{    \\\"@column\\\":\\\"name:parent_name,type,phone\\\",    \\\"@alias\\\":\\\"p\\\",    \\\"tye\\\":\\\"关系\\\",    \\\"parent_name\\\":\\\"家长姓名\\\",    \\\"phone\\\":\\\"家长联系方式\\\",    \\\"@join\\\":\\\"LEFT ON s.id = p.student_id\\\"}}\"}', '2023-08-19 14:30:33', '1', '若依');
INSERT INTO `api_log` VALUES (11, 3, 'event', '1', '{\"code\":\"data_student\",\"name\":\"学生信息\",\"id\":\"1\",\"group\":\"基础\",\"pk_field\":\"id\",\"unique_field\":\"num\",\"status\":\"1\",\"excels\":\"{\\\"data_student\\\":{    \\\"@alias\\\":\\\"s\\\",    \\\"num\\\":\\\"学号\\\",    \\\"name\\\":\\\"姓名\\\",    \\\"sex\\\":\\\"性别\\\",    \\\"class_name\\\":\\\"班级\\\"},\\\"data_student_parent\\\":{    \\\"@column\\\":\\\"name:parent_name,type,phone\\\",    \\\"@alias\\\":\\\"p\\\",    \\\"tye\\\":\\\"关系\\\",    \\\"parent_name\\\":\\\"家长姓名\\\",    \\\"phone\\\":\\\"家长联系方式\\\",    \\\"@join\\\":\\\"LEFT ON s.id = p.student_id\\\"}}\"}', '2023-08-19 14:30:53', '1', '若依');
INSERT INTO `api_log` VALUES (12, 3, 'update', '1', '{\"code\":\"data_student\",\"name\":\"学生信息\",\"id\":\"1\",\"group\":\"基础\",\"pk_field\":\"id\",\"unique_field\":\"num\",\"status\":\"1\",\"excels\":\"{\\\"data_student\\\":{    \\\"@alias\\\":\\\"s\\\",    \\\"num\\\":\\\"学号\\\",    \\\"name\\\":\\\"姓名\\\",    \\\"sex\\\":\\\"性别\\\",    \\\"class_name\\\":\\\"班级\\\"},\\\"data_student_parent\\\":{    \\\"@column\\\":\\\"name:parent_name,type,phone\\\",    \\\"@alias\\\":\\\"p\\\",    \\\"tye\\\":\\\"关系\\\",    \\\"parent_name\\\":\\\"家长姓名\\\",    \\\"phone\\\":\\\"家长联系方式\\\",    \\\"@join\\\":\\\"LEFT ON s.id = p.student_id\\\"}}\"}', '2023-08-19 14:30:53', '1', '若依');
INSERT INTO `api_log` VALUES (13, 3, 'event', '1', '{\"code\":\"data_student\",\"name\":\"学生信息\",\"id\":\"1\",\"group\":\"基础\",\"pk_field\":\"id\",\"unique_field\":\"num\",\"status\":\"1\",\"excels\":\"{\\\"data_student\\\":{    \\\"@alias\\\":\\\"s\\\",    \\\"num\\\":\\\"学号\\\",    \\\"name\\\":\\\"姓名\\\",    \\\"sex\\\":\\\"性别\\\",    \\\"class_name\\\":\\\"班级\\\"},\\\"data_student_parent\\\":{    \\\"@column\\\":\\\"name:parent_name,type,phone\\\",    \\\"@alias\\\":\\\"p\\\",    \\\"tye\\\":\\\"关系\\\",    \\\"parent_name\\\":\\\"家长姓名\\\",    \\\"phone\\\":\\\"家长联系方式\\\",    \\\"@join\\\":\\\"LEFT ON s.id = p.student_id\\\"}}\"}', '2023-08-19 14:31:09', '1', '若依');
INSERT INTO `api_log` VALUES (14, 3, 'update', '1', '{\"code\":\"data_student\",\"name\":\"学生信息\",\"id\":\"1\",\"group\":\"基础\",\"pk_field\":\"id\",\"unique_field\":\"num\",\"status\":\"1\",\"excels\":\"{\\\"data_student\\\":{    \\\"@alias\\\":\\\"s\\\",    \\\"num\\\":\\\"学号\\\",    \\\"name\\\":\\\"姓名\\\",    \\\"sex\\\":\\\"性别\\\",    \\\"class_name\\\":\\\"班级\\\"},\\\"data_student_parent\\\":{    \\\"@column\\\":\\\"name:parent_name,type,phone\\\",    \\\"@alias\\\":\\\"p\\\",    \\\"tye\\\":\\\"关系\\\",    \\\"parent_name\\\":\\\"家长姓名\\\",    \\\"phone\\\":\\\"家长联系方式\\\",    \\\"@join\\\":\\\"LEFT ON s.id = p.student_id\\\"}}\"}', '2023-08-19 14:31:09', '1', '若依');
INSERT INTO `api_log` VALUES (15, 5, 'insert', '3', '{\"read\":\"Y\",\"role_id\":\"1\",\"model_id\":\"1\",\"id\":3,\"write\":\"Y\"}', '2023-08-19 14:31:09', '1', '若依');
INSERT INTO `api_log` VALUES (16, 5, 'insert', '4', '{\"read\":\"Y\",\"role_id\":\"2\",\"model_id\":\"1\",\"id\":4,\"write\":\"N\"}', '2023-08-19 14:31:09', '1', '若依');
INSERT INTO `api_log` VALUES (17, 3, 'event', '1', '{\"code\":\"data_student\",\"name\":\"学生信息\",\"id\":\"1\",\"group\":\"基础\",\"pk_field\":\"id\",\"unique_field\":\"num\",\"status\":\"1\",\"excels\":\"{\\\"data_student\\\":{    \\\"@alias\\\":\\\"s\\\",    \\\"num\\\":\\\"学号\\\",    \\\"name\\\":\\\"姓名\\\",    \\\"sex\\\":\\\"性别\\\",    \\\"class_name\\\":\\\"班级\\\"},\\\"data_student_parent\\\":{    \\\"@column\\\":\\\"name:parent_name,type,phone\\\",    \\\"@alias\\\":\\\"p\\\",    \\\"tye\\\":\\\"关系\\\",    \\\"parent_name\\\":\\\"家长姓名\\\",    \\\"phone\\\":\\\"家长联系方式\\\",    \\\"@join\\\":\\\"LEFT ON s.id = p.student_id\\\"}}\"}', '2023-08-19 14:33:27', '1', '若依');
INSERT INTO `api_log` VALUES (18, 3, 'update', '1', '{\"code\":\"data_student\",\"name\":\"学生信息\",\"id\":\"1\",\"group\":\"基础\",\"pk_field\":\"id\",\"unique_field\":\"num\",\"status\":\"1\",\"excels\":\"{\\\"data_student\\\":{    \\\"@alias\\\":\\\"s\\\",    \\\"num\\\":\\\"学号\\\",    \\\"name\\\":\\\"姓名\\\",    \\\"sex\\\":\\\"性别\\\",    \\\"class_name\\\":\\\"班级\\\"},\\\"data_student_parent\\\":{    \\\"@column\\\":\\\"name:parent_name,type,phone\\\",    \\\"@alias\\\":\\\"p\\\",    \\\"tye\\\":\\\"关系\\\",    \\\"parent_name\\\":\\\"家长姓名\\\",    \\\"phone\\\":\\\"家长联系方式\\\",    \\\"@join\\\":\\\"LEFT ON s.id = p.student_id\\\"}}\"}', '2023-08-19 14:33:27', '1', '若依');
INSERT INTO `api_log` VALUES (19, 5, 'insert', '5', '{\"read\":\"Y\",\"role_id\":\"1\",\"model_id\":\"1\",\"id\":5,\"write\":\"Y\"}', '2023-08-19 14:33:27', '1', '若依');
INSERT INTO `api_log` VALUES (20, 5, 'insert', '6', '{\"read\":\"Y\",\"role_id\":\"2\",\"model_id\":\"1\",\"id\":6,\"write\":\"N\"}', '2023-08-19 14:33:27', '1', '若依');
INSERT INTO `api_log` VALUES (21, NULL, 'error', NULL, '模型未定义 @data_student', '2023-08-19 22:54:19', '1', '若依');
INSERT INTO `api_log` VALUES (22, NULL, 'error', NULL, '模型未定义 @data_student', '2023-08-19 22:54:47', '1', '若依');
INSERT INTO `api_log` VALUES (23, NULL, 'error', NULL, '模型未定义 @data_student', '2023-08-19 22:55:06', '1', '若依');
INSERT INTO `api_log` VALUES (24, NULL, 'error', NULL, '模型未定义 @data_student', '2023-08-19 22:55:40', '1', '若依');
INSERT INTO `api_log` VALUES (25, NULL, 'error', NULL, '模型未定义 @data_student', '2023-08-19 23:03:10', '1', '若依');
INSERT INTO `api_log` VALUES (26, 3, 'event', '1', '{\"code\":\"data_student\",\"name\":\"学生信息\",\"id\":\"1\",\"group\":\"基础\",\"pk_field\":\"id\",\"unique_field\":\"num\",\"excels\":\"{\\\"data_student\\\":{    \\n\\\"num\\\":\\\"学号\\\",    \\\"name\\\":\\\"姓名\\\",    \\\"sex\\\":\\\"性别\\\",    \\\"class_name\\\":\\\"班级\\\"},\\\"data_student_parent\\\":{  \\n  \\\"type\\\":\\\"关系\\\",    \\\"parent_name\\\":\\\"家长姓名\\\",    \\\"parent_phone\\\":\\\"家长联系方式\\\",    }}\",\"status\":\"1\"}', '2023-08-19 23:08:16', '1', '若依');
INSERT INTO `api_log` VALUES (27, 3, 'update', '1', '{\"code\":\"data_student\",\"name\":\"学生信息\",\"id\":\"1\",\"group\":\"基础\",\"pk_field\":\"id\",\"unique_field\":\"num\",\"excels\":\"{\\\"data_student\\\":{    \\n\\\"num\\\":\\\"学号\\\",    \\\"name\\\":\\\"姓名\\\",    \\\"sex\\\":\\\"性别\\\",    \\\"class_name\\\":\\\"班级\\\"},\\\"data_student_parent\\\":{  \\n  \\\"type\\\":\\\"关系\\\",    \\\"parent_name\\\":\\\"家长姓名\\\",    \\\"parent_phone\\\":\\\"家长联系方式\\\",    }}\",\"status\":\"1\"}', '2023-08-19 23:08:16', '1', '若依');
INSERT INTO `api_log` VALUES (28, NULL, 'error', NULL, '模型未定义 @data_student', '2023-08-19 23:08:47', '1', '若依');
INSERT INTO `api_log` VALUES (29, NULL, 'error', NULL, '模型未定义 @data_student', '2023-08-20 21:53:36', '1', '若依');
INSERT INTO `api_log` VALUES (30, NULL, 'error', NULL, '模型未定义 @data_student', '2023-08-20 21:59:28', '1', '若依');
INSERT INTO `api_log` VALUES (31, NULL, 'error', NULL, '模型未定义 @api_model', '2023-08-21 14:41:43', '1', '若依');
INSERT INTO `api_log` VALUES (32, NULL, 'error', NULL, '模型未定义 @sys_role', '2023-08-21 14:41:43', '1', '若依');
INSERT INTO `api_log` VALUES (33, NULL, 'error', NULL, '模型未定义 @api_model', '2023-08-21 14:41:58', '1', '若依');
INSERT INTO `api_log` VALUES (34, NULL, 'error', NULL, '模型未定义 @api_model', '2023-08-21 14:42:07', '1', '若依');
INSERT INTO `api_log` VALUES (35, NULL, 'error', NULL, '模型未定义 @sys_role', '2023-08-21 14:42:07', '1', '若依');
INSERT INTO `api_log` VALUES (36, 3, 'insert', '7', '{\"code\":\"sys_role\",\"name\":\"角色\",\"id\":7,\"pk_field\":\"id\",\"unique_field\":\"role_key\",\"status\":\"1\"}', '2023-08-21 14:43:26', '1', '若依');
INSERT INTO `api_log` VALUES (37, NULL, 'error', NULL, '模型未定义 @api_model', '2023-08-21 14:43:26', '1', '若依');
INSERT INTO `api_log` VALUES (38, NULL, 'error', NULL, '模型未定义 @api_model', '2023-08-21 14:43:33', '1', '若依');
INSERT INTO `api_log` VALUES (39, NULL, 'error', NULL, '模型未定义 @sys_role', '2023-08-21 14:43:33', '1', '若依');
INSERT INTO `api_log` VALUES (40, NULL, 'error', NULL, '模型未定义 @sys_role', '2023-08-21 14:43:47', '1', '若依');
INSERT INTO `api_log` VALUES (41, NULL, 'error', NULL, '模型未定义 @api_model', '2023-08-21 14:43:47', '1', '若依');
INSERT INTO `api_log` VALUES (42, NULL, 'error', NULL, '模型未定义 @api_model', '2023-08-21 14:43:51', '1', '若依');
INSERT INTO `api_log` VALUES (43, NULL, 'error', NULL, '模型未定义 @api_access', '2023-08-21 14:43:51', '1', '若依');
INSERT INTO `api_log` VALUES (44, 3, 'event', '1', '{\"code\":\"data_student\",\"name\":\"学生信息\",\"id\":\"1\",\"group\":\"基础\",\"pk_field\":\"id\",\"unique_field\":\"num\",\"excels\":\"{\\\"data_student\\\":{    \\n\\\"num\\\":\\\"学号\\\",    \\\"name\\\":\\\"姓名\\\",    \\\"sex\\\":\\\"性别\\\",    \\\"class_name\\\":\\\"班级\\\"},\\\"data_student_parent\\\":{  \\n  \\\"type\\\":\\\"关系\\\",    \\\"parent_name\\\":\\\"家长姓名\\\",    \\\"parent_phone\\\":\\\"家长联系方式\\\",    }}\",\"status\":\"1\"}', '2023-08-21 14:44:42', '1', '若依');
INSERT INTO `api_log` VALUES (45, 3, 'update', '1', '{\"code\":\"data_student\",\"name\":\"学生信息\",\"id\":\"1\",\"group\":\"基础\",\"pk_field\":\"id\",\"unique_field\":\"num\",\"excels\":\"{\\\"data_student\\\":{    \\n\\\"num\\\":\\\"学号\\\",    \\\"name\\\":\\\"姓名\\\",    \\\"sex\\\":\\\"性别\\\",    \\\"class_name\\\":\\\"班级\\\"},\\\"data_student_parent\\\":{  \\n  \\\"type\\\":\\\"关系\\\",    \\\"parent_name\\\":\\\"家长姓名\\\",    \\\"parent_phone\\\":\\\"家长联系方式\\\",    }}\",\"status\":\"1\"}', '2023-08-21 14:44:42', '1', '若依');
INSERT INTO `api_log` VALUES (46, 5, 'insert', '1', '{\"read\":\"Y\",\"role_id\":\"1\",\"model_id\":\"1\",\"id\":1,\"write\":\"Y\"}', '2023-08-21 14:44:42', '1', '若依');
INSERT INTO `api_log` VALUES (47, 5, 'insert', '2', '{\"read\":\"Y\",\"role_id\":\"2\",\"model_id\":\"1\",\"id\":2,\"write\":\"N\"}', '2023-08-21 14:44:42', '1', '若依');
INSERT INTO `api_log` VALUES (48, NULL, 'error', NULL, '模型未定义 @api_model', '2023-08-21 14:44:43', '1', '若依');
INSERT INTO `api_log` VALUES (49, NULL, 'error', NULL, '模型未定义 @api_model', '2023-08-21 14:45:13', '1', '若依');
INSERT INTO `api_log` VALUES (50, NULL, 'error', NULL, '模型未定义 @api_access', '2023-08-21 14:45:13', '1', '若依');
INSERT INTO `api_log` VALUES (51, NULL, 'error', NULL, '模型未定义 @sys_role', '2023-08-21 14:47:41', '1', '若依');
INSERT INTO `api_log` VALUES (52, NULL, 'error', NULL, '模型未定义 @api_model', '2023-08-21 14:47:41', '1', '若依');
INSERT INTO `api_log` VALUES (53, NULL, 'error', NULL, '模型未定义 @api_model', '2023-08-21 14:47:43', '1', '若依');
INSERT INTO `api_log` VALUES (54, NULL, 'error', NULL, '模型未定义 @api_access', '2023-08-21 14:47:43', '1', '若依');
INSERT INTO `api_log` VALUES (55, NULL, 'error', NULL, '模型未定义 @api_model', '2023-08-21 14:47:48', '1', '若依');
INSERT INTO `api_log` VALUES (56, NULL, 'error', NULL, '模型未定义 @sys_role', '2023-08-21 14:47:48', '1', '若依');
INSERT INTO `api_log` VALUES (57, NULL, 'error', NULL, '模型未定义 @api_model', '2023-08-21 14:47:50', '1', '若依');
INSERT INTO `api_log` VALUES (58, NULL, 'error', NULL, '模型未定义 @api_access', '2023-08-21 14:47:50', '1', '若依');
INSERT INTO `api_log` VALUES (59, 3, 'event', '1', '{\"code\":\"data_student\",\"name\":\"学生信息\",\"id\":\"1\",\"group\":\"基础\",\"pk_field\":\"id\",\"unique_field\":\"num\",\"excels\":\"{\\\"data_student\\\":{    \\n\\\"num\\\":\\\"学号\\\",    \\\"name\\\":\\\"姓名\\\",    \\\"sex\\\":\\\"性别\\\",    \\\"class_name\\\":\\\"班级\\\"},\\\"data_student_parent\\\":{  \\n  \\\"type\\\":\\\"关系\\\",    \\\"parent_name\\\":\\\"家长姓名\\\",    \\\"parent_phone\\\":\\\"家长联系方式\\\",    }}\",\"status\":\"1\"}', '2023-08-21 14:47:54', '1', '若依');
INSERT INTO `api_log` VALUES (60, 3, 'update', '1', '{\"code\":\"data_student\",\"name\":\"学生信息\",\"id\":\"1\",\"group\":\"基础\",\"pk_field\":\"id\",\"unique_field\":\"num\",\"excels\":\"{\\\"data_student\\\":{    \\n\\\"num\\\":\\\"学号\\\",    \\\"name\\\":\\\"姓名\\\",    \\\"sex\\\":\\\"性别\\\",    \\\"class_name\\\":\\\"班级\\\"},\\\"data_student_parent\\\":{  \\n  \\\"type\\\":\\\"关系\\\",    \\\"parent_name\\\":\\\"家长姓名\\\",    \\\"parent_phone\\\":\\\"家长联系方式\\\",    }}\",\"status\":\"1\"}', '2023-08-21 14:47:54', '1', '若依');
INSERT INTO `api_log` VALUES (61, 5, 'insert', '3', '{\"read\":\"Y\",\"role_id\":\"1\",\"model_id\":\"1\",\"id\":3,\"write\":\"Y\"}', '2023-08-21 14:47:54', '1', '若依');
INSERT INTO `api_log` VALUES (62, 5, 'insert', '4', '{\"read\":\"Y\",\"role_id\":\"2\",\"model_id\":\"1\",\"id\":4,\"write\":\"N\"}', '2023-08-21 14:47:54', '1', '若依');
INSERT INTO `api_log` VALUES (63, NULL, 'error', NULL, '模型未定义 @api_model', '2023-08-21 14:47:54', '1', '若依');
INSERT INTO `api_log` VALUES (64, NULL, 'error', NULL, '模型未定义 @api_model', '2023-08-21 14:48:03', '1', '若依');
INSERT INTO `api_log` VALUES (65, NULL, 'error', NULL, '模型未定义 @api_access', '2023-08-21 14:48:03', '1', '若依');
INSERT INTO `api_log` VALUES (66, NULL, 'error', NULL, '模型未定义 @api_model', '2023-08-21 14:48:19', '1', '若依');
INSERT INTO `api_log` VALUES (67, NULL, 'error', NULL, '模型未定义 @api_access', '2023-08-21 14:48:19', '1', '若依');

-- ----------------------------
-- Table structure for api_model
-- ----------------------------
DROP TABLE IF EXISTS `api_model`;
CREATE TABLE `api_model`  (
  `id` int(11) NOT NULL AUTO_INCREMENT,
  `group` varchar(50) CHARACTER SET utf8 COLLATE utf8_general_ci NULL DEFAULT NULL COMMENT '分组',
  `code` varchar(100) CHARACTER SET utf8 COLLATE utf8_general_ci NOT NULL COMMENT '代码',
  `name` varchar(50) CHARACTER SET utf8 COLLATE utf8_general_ci NOT NULL COMMENT '名称',
  `pk_field` varchar(50) CHARACTER SET utf8 COLLATE utf8_general_ci NOT NULL COMMENT '主键代码',
  `unique_field` varchar(255) CHARACTER SET utf8 COLLATE utf8_general_ci NULL DEFAULT NULL COMMENT '唯一字段',
  `org_scope` varchar(255) CHARACTER SET utf8 COLLATE utf8_general_ci NULL DEFAULT NULL COMMENT '组织权限',
  `user_scope` varchar(255) CHARACTER SET utf8 COLLATE utf8_general_ci NULL DEFAULT NULL COMMENT '用户权限',
  `excels` text CHARACTER SET utf8 COLLATE utf8_general_ci NULL COMMENT '导入导出配置',
  `status` char(1) CHARACTER SET utf8 COLLATE utf8_general_ci NOT NULL DEFAULT '1' COMMENT '状态',
  `is_default` char(1) CHARACTER SET utf8 COLLATE utf8_general_ci NULL DEFAULT 'N' COMMENT '是否内置',
  `remark` varchar(255) CHARACTER SET utf8 COLLATE utf8_general_ci NULL DEFAULT NULL COMMENT '备注详细',
  PRIMARY KEY (`id`) USING BTREE
) ENGINE = InnoDB AUTO_INCREMENT = 8 CHARACTER SET = utf8 COLLATE = utf8_general_ci COMMENT = '数据模型' ROW_FORMAT = Dynamic;

-- ----------------------------
-- Records of api_model
-- ----------------------------
INSERT INTO `api_model` VALUES (1, '基础', 'data_student', '学生信息', 'id', 'num', NULL, NULL, '{\"data_student\":{    \n\"num\":\"学号\",    \"name\":\"姓名\",    \"sex\":\"性别\",    \"class_name\":\"班级\"},\"data_student_parent\":{  \n  \"type\":\"关系\",    \"parent_name\":\"家长姓名\",    \"parent_phone\":\"家长联系方式\",    }}', '1', NULL, NULL);
INSERT INTO `api_model` VALUES (2, '扩展', 'data_student_parent', '家长', 'id', NULL, '', '', NULL, '1', NULL, '3334234324');
INSERT INTO `api_model` VALUES (3, NULL, 'api_model', '数据模型', 'id', 'code', NULL, NULL, NULL, '1', 'N', NULL);
INSERT INTO `api_model` VALUES (4, NULL, 'api_event', '模型事件', 'id', 'model_id,action', NULL, NULL, NULL, '1', 'N', NULL);
INSERT INTO `api_model` VALUES (5, NULL, 'api_access', '模型权限', 'id', 'model_id,role_id', NULL, NULL, NULL, '1', 'N', NULL);
INSERT INTO `api_model` VALUES (6, NULL, 'api_sql', '数据脚本', 'id', 'code', NULL, NULL, NULL, '1', 'N', NULL);
INSERT INTO `api_model` VALUES (7, NULL, 'sys_role', '角色', 'id', 'role_key', NULL, NULL, NULL, '1', 'N', NULL);

-- ----------------------------
-- Table structure for api_sql
-- ----------------------------
DROP TABLE IF EXISTS `api_sql`;
CREATE TABLE `api_sql`  (
  `id` int(11) NOT NULL AUTO_INCREMENT,
  `group` varchar(50) CHARACTER SET utf8 COLLATE utf8_general_ci NULL DEFAULT NULL COMMENT '分组',
  `type` char(10) CHARACTER SET utf8 COLLATE utf8_general_ci NOT NULL DEFAULT 'table' COMMENT '类型:table列表，count计算，chart报表，inner子系统，batch数据批处理',
  `code` varchar(50) CHARACTER SET utf8 COLLATE utf8_general_ci NOT NULL COMMENT '代码',
  `name` varchar(20) CHARACTER SET utf8 COLLATE utf8_general_ci NOT NULL COMMENT '名称',
  `content` text CHARACTER SET utf8 COLLATE utf8_general_ci NOT NULL COMMENT 'SQL脚本',
  `remark` varchar(255) CHARACTER SET utf8 COLLATE utf8_general_ci NOT NULL DEFAULT '1' COMMENT '说明',
  PRIMARY KEY (`id`) USING BTREE
) ENGINE = InnoDB AUTO_INCREMENT = 1 CHARACTER SET = utf8 COLLATE = utf8_general_ci COMMENT = '内置查询' ROW_FORMAT = Dynamic;

-- ----------------------------
-- Records of api_sql
-- ----------------------------

-- ----------------------------
-- Table structure for data_student
-- ----------------------------
DROP TABLE IF EXISTS `data_student`;
CREATE TABLE `data_student`  (
  `id` int(11) NOT NULL AUTO_INCREMENT COMMENT '主键',
  `name` varchar(100) CHARACTER SET utf8 COLLATE utf8_general_ci NOT NULL COMMENT '姓名',
  `num` varchar(50) CHARACTER SET utf8 COLLATE utf8_general_ci NOT NULL COMMENT '学号',
  `sex` char(10) CHARACTER SET utf8 COLLATE utf8_general_ci NULL DEFAULT NULL COMMENT '性别',
  `class_code` varchar(20) CHARACTER SET utf8 COLLATE utf8_general_ci NULL DEFAULT NULL COMMENT '班级代码',
  `class_name` varchar(50) CHARACTER SET utf8 COLLATE utf8_general_ci NULL DEFAULT NULL COMMENT '班级名称',
  `grade` varchar(10) CHARACTER SET utf8 COLLATE utf8_general_ci NULL DEFAULT NULL COMMENT '年级',
  PRIMARY KEY (`id`) USING BTREE
) ENGINE = MyISAM AUTO_INCREMENT = 117 CHARACTER SET = utf8 COLLATE = utf8_general_ci COMMENT = '学生信息' ROW_FORMAT = Dynamic;

-- ----------------------------
-- Records of data_student
-- ----------------------------
INSERT INTO `data_student` VALUES (50, '王770', '202377', '女', '20232', '20232班', '2023');
INSERT INTO `data_student` VALUES (51, '王250', '202225', '女', '20221', '20221班', '2022');
INSERT INTO `data_student` VALUES (52, '赵630', '202163', '女', '20210', '20210班', '2021');
INSERT INTO `data_student` VALUES (53, '李60', '20216', '男', '20210', '20210班', '2021');
INSERT INTO `data_student` VALUES (54, '李460', '202246', '男', '20221', '20221班', '2022');
INSERT INTO `data_student` VALUES (55, '张720', '202172', '男', '20210', '20210班', '2021');
INSERT INTO `data_student` VALUES (56, '李500', '202350', '男', '20232', '20232班', '2023');
INSERT INTO `data_student` VALUES (57, '王490', '202249', '女', '20221', '20221班', '2022');
INSERT INTO `data_student` VALUES (58, '李180', '202118', '男', '20210', '20210班', '2021');
INSERT INTO `data_student` VALUES (59, '李20', '20232', '男', '20232', '20232班', '2023');
INSERT INTO `data_student` VALUES (60, '张760', '202276', '男', '20221', '20221班', '2022');
INSERT INTO `data_student` VALUES (61, '张840', '202184', '男', '20210', '20210班', '2021');
INSERT INTO `data_student` VALUES (62, '赵830', '202383', '女', '20232', '20232班', '2023');
INSERT INTO `data_student` VALUES (63, '李220', '202222', '男', '20221', '20221班', '2022');
INSERT INTO `data_student` VALUES (64, '赵990', '202199', '女', '20210', '20210班', '2021');
INSERT INTO `data_student` VALUES (65, '赵670', '202267', '女', '20221', '20221班', '2022');
INSERT INTO `data_student` VALUES (66, '张120', '202112', '男', '20210', '20210班', '2021');
INSERT INTO `data_student` VALUES (67, '王370', '202237', '女', '20221', '20221班', '2022');
INSERT INTO `data_student` VALUES (68, '张560', '202356', '男', '20232', '20232班', '2023');
INSERT INTO `data_student` VALUES (69, '赵150', '202115', '女', '20210', '20210班', '2021');
INSERT INTO `data_student` VALUES (70, '张320', '202332', '男', '20232', '20232班', '2023');
INSERT INTO `data_student` VALUES (71, '王90', '20219', '女', '20210', '20210班', '2021');
INSERT INTO `data_student` VALUES (72, '张880', '202288', '男', '20221', '20221班', '2022');
INSERT INTO `data_student` VALUES (73, '赵470', '202347', '女', '20232', '20232班', '2023');
INSERT INTO `data_student` VALUES (74, '李300', '202130', '男', '20210', '20210班', '2021');
INSERT INTO `data_student` VALUES (75, '李940', '202294', '男', '20221', '20221班', '2022');
INSERT INTO `data_student` VALUES (76, '李140', '202314', '男', '20232', '20232班', '2023');
INSERT INTO `data_student` VALUES (77, '张400', '202240', '男', '20221', '20221班', '2022');
INSERT INTO `data_student` VALUES (78, '王170', '202317', '女', '20232', '20232班', '2023');
INSERT INTO `data_student` VALUES (79, '李540', '202154', '男', '20210', '20210班', '2021');
INSERT INTO `data_student` VALUES (80, '张160', '202216', '男', '20221', '20221班', '2022');
INSERT INTO `data_student` VALUES (81, '李100', '202210', '男', '20221', '20221班', '2022');
INSERT INTO `data_student` VALUES (82, '张80', '20238', '男', '20232', '20232班', '2023');
INSERT INTO `data_student` VALUES (83, '张680', '202368', '男', '20232', '20232班', '2023');
INSERT INTO `data_student` VALUES (84, '张440', '202344', '男', '20232', '20232班', '2023');
INSERT INTO `data_student` VALUES (85, '张920', '202392', '男', '20232', '20232班', '2023');
INSERT INTO `data_student` VALUES (86, '王290', '202329', '女', '20232', '20232班', '2023');
INSERT INTO `data_student` VALUES (87, '张520', '202252', '男', '20221', '20221班', '2022');
INSERT INTO `data_student` VALUES (88, '赵790', '202279', '女', '20221', '20221班', '2022');
INSERT INTO `data_student` VALUES (89, '李900', '202190', '男', '20210', '20210班', '2021');
INSERT INTO `data_student` VALUES (90, '李700', '202270', '男', '20221', '20221班', '2022');
INSERT INTO `data_student` VALUES (91, '王930', '202193', '女', '20210', '20210班', '2021');
INSERT INTO `data_student` VALUES (92, '王130', '202213', '女', '20221', '20221班', '2022');
INSERT INTO `data_student` VALUES (93, '张200', '202320', '男', '20232', '20232班', '2023');
INSERT INTO `data_student` VALUES (94, '王530', '202353', '女', '20232', '20232班', '2023');
INSERT INTO `data_student` VALUES (95, '张1000', '2022100', '男', '20221', '20221班', '2022');
INSERT INTO `data_student` VALUES (96, '张960', '202196', '男', '20210', '20210班', '2021');
INSERT INTO `data_student` VALUES (97, '张600', '202160', '男', '20210', '20210班', '2021');
INSERT INTO `data_student` VALUES (98, '李620', '202362', '男', '20232', '20232班', '2023');
INSERT INTO `data_student` VALUES (99, '李860', '202386', '男', '20232', '20232班', '2023');
INSERT INTO `data_student` VALUES (100, '王一上', '202389', '女', '20232', '20232班', '2023');
INSERT INTO `data_student` VALUES (101, '测试', '2023178', '女', '20201', '20201班', '2020');
INSERT INTO `data_student` VALUES (102, '测试', '2023178', '女', '20201', '20201班', '2020');
INSERT INTO `data_student` VALUES (103, '测试', '2023178', '女', '20201', '20201班', '2020');
INSERT INTO `data_student` VALUES (104, '测试', '2023178', '女', '20201', '20201班', '2020');
INSERT INTO `data_student` VALUES (105, '测试', '2023178', '女', '20201', '20201班', '2020');
INSERT INTO `data_student` VALUES (106, '测试', '2023178', '女', '20201', '20201班', '2020');
INSERT INTO `data_student` VALUES (107, '测试', '2023178', '女', '20201', '20201班', '2020');
INSERT INTO `data_student` VALUES (108, '测试', '2023178', '女', '20201', '20201班', '2020');
INSERT INTO `data_student` VALUES (109, '测试', '2023178', '女', '20201', '20201班', '2020');
INSERT INTO `data_student` VALUES (110, '测试', '2023178', '女', '20201', '20201班', '2020');
INSERT INTO `data_student` VALUES (111, '测试', '2023378', '女', '20201', '20201班', '2021');
INSERT INTO `data_student` VALUES (112, '测试', '2023388', '女', '20201', '20201班', '2021');
INSERT INTO `data_student` VALUES (113, '测试', '2022388', '女', '20201', '20201班', '2021');
INSERT INTO `data_student` VALUES (114, '测试', '2021388', '女', '20201', '20201班', '2021');
INSERT INTO `data_student` VALUES (115, '测试2', '2021188', '女', '20201', '20201班', '2021');
INSERT INTO `data_student` VALUES (116, '测试3', '2021128', '女', '20201', '20201班', '2021');

-- ----------------------------
-- Table structure for data_student_parent
-- ----------------------------
DROP TABLE IF EXISTS `data_student_parent`;
CREATE TABLE `data_student_parent`  (
  `id` int(11) NOT NULL AUTO_INCREMENT COMMENT '主键',
  `student_id` int(11) NOT NULL COMMENT '学生',
  `name` varchar(100) CHARACTER SET utf8 COLLATE utf8_general_ci NOT NULL COMMENT '姓名',
  `type` varchar(50) CHARACTER SET utf8 COLLATE utf8_general_ci NOT NULL COMMENT '关系',
  `phone` varchar(20) CHARACTER SET utf8 COLLATE utf8_general_ci NULL DEFAULT NULL COMMENT '联系电话',
  PRIMARY KEY (`id`) USING BTREE
) ENGINE = MyISAM AUTO_INCREMENT = 106 CHARACTER SET = utf8 COLLATE = utf8_general_ci COMMENT = '学生家长' ROW_FORMAT = Dynamic;

-- ----------------------------
-- Records of data_student_parent
-- ----------------------------
INSERT INTO `data_student_parent` VALUES (105, 110, '测试', '父亲', '123445665346');

-- ----------------------------
-- Table structure for gen_table
-- ----------------------------
DROP TABLE IF EXISTS `gen_table`;
CREATE TABLE `gen_table`  (
  `table_id` bigint(20) NOT NULL AUTO_INCREMENT COMMENT '编号',
  `table_name` varchar(200) CHARACTER SET utf8 COLLATE utf8_general_ci NULL DEFAULT '' COMMENT '表名称',
  `table_comment` varchar(500) CHARACTER SET utf8 COLLATE utf8_general_ci NULL DEFAULT '' COMMENT '表描述',
  `sub_table_name` varchar(64) CHARACTER SET utf8 COLLATE utf8_general_ci NULL DEFAULT NULL COMMENT '关联子表的表名',
  `sub_table_fk_name` varchar(64) CHARACTER SET utf8 COLLATE utf8_general_ci NULL DEFAULT NULL COMMENT '子表关联的外键名',
  `class_name` varchar(100) CHARACTER SET utf8 COLLATE utf8_general_ci NULL DEFAULT '' COMMENT '实体类名称',
  `tpl_category` varchar(200) CHARACTER SET utf8 COLLATE utf8_general_ci NULL DEFAULT 'crud' COMMENT '使用的模板（crud单表操作 tree树表操作）',
  `package_name` varchar(100) CHARACTER SET utf8 COLLATE utf8_general_ci NULL DEFAULT NULL COMMENT '生成包路径',
  `module_name` varchar(30) CHARACTER SET utf8 COLLATE utf8_general_ci NULL DEFAULT NULL COMMENT '生成模块名',
  `business_name` varchar(30) CHARACTER SET utf8 COLLATE utf8_general_ci NULL DEFAULT NULL COMMENT '生成业务名',
  `function_name` varchar(50) CHARACTER SET utf8 COLLATE utf8_general_ci NULL DEFAULT NULL COMMENT '生成功能名',
  `function_author` varchar(50) CHARACTER SET utf8 COLLATE utf8_general_ci NULL DEFAULT NULL COMMENT '生成功能作者',
  `gen_type` char(1) CHARACTER SET utf8 COLLATE utf8_general_ci NULL DEFAULT '0' COMMENT '生成代码方式（0zip压缩包 1自定义路径）',
  `gen_path` varchar(200) CHARACTER SET utf8 COLLATE utf8_general_ci NULL DEFAULT '/' COMMENT '生成路径（不填默认项目路径）',
  `options` varchar(1000) CHARACTER SET utf8 COLLATE utf8_general_ci NULL DEFAULT NULL COMMENT '其它生成选项',
  `create_by` varchar(64) CHARACTER SET utf8 COLLATE utf8_general_ci NULL DEFAULT '' COMMENT '创建者',
  `create_time` datetime NULL DEFAULT NULL COMMENT '创建时间',
  `update_by` varchar(64) CHARACTER SET utf8 COLLATE utf8_general_ci NULL DEFAULT '' COMMENT '更新者',
  `update_time` datetime NULL DEFAULT NULL COMMENT '更新时间',
  `remark` varchar(500) CHARACTER SET utf8 COLLATE utf8_general_ci NULL DEFAULT NULL COMMENT '备注',
  PRIMARY KEY (`table_id`) USING BTREE
) ENGINE = InnoDB AUTO_INCREMENT = 3 CHARACTER SET = utf8 COLLATE = utf8_general_ci COMMENT = '代码生成业务表' ROW_FORMAT = Dynamic;

-- ----------------------------
-- Records of gen_table
-- ----------------------------
INSERT INTO `gen_table` VALUES (1, 'data_student', '学生信息', NULL, NULL, 'DataStudent', 'crud', 'com.ruoyi.system', 'system', 'student', '学生信息', 'ruoyi', '0', '/', NULL, 'admin', '2023-08-21 14:58:14', '', NULL, NULL);
INSERT INTO `gen_table` VALUES (2, 'data_student_parent', '学生家长', NULL, NULL, 'DataStudentParent', 'crud', 'com.ruoyi.system', 'system', 'parent', '学生家长', 'ruoyi', '0', '/', NULL, 'admin', '2023-08-21 14:58:14', '', NULL, NULL);

-- ----------------------------
-- Table structure for gen_table_column
-- ----------------------------
DROP TABLE IF EXISTS `gen_table_column`;
CREATE TABLE `gen_table_column`  (
  `column_id` bigint(20) NOT NULL AUTO_INCREMENT COMMENT '编号',
  `table_id` bigint(20) NULL DEFAULT NULL COMMENT '归属表编号',
  `column_name` varchar(200) CHARACTER SET utf8 COLLATE utf8_general_ci NULL DEFAULT NULL COMMENT '列名称',
  `column_comment` varchar(500) CHARACTER SET utf8 COLLATE utf8_general_ci NULL DEFAULT NULL COMMENT '列描述',
  `column_type` varchar(100) CHARACTER SET utf8 COLLATE utf8_general_ci NULL DEFAULT NULL COMMENT '列类型',
  `java_type` varchar(500) CHARACTER SET utf8 COLLATE utf8_general_ci NULL DEFAULT NULL COMMENT 'JAVA类型',
  `java_field` varchar(200) CHARACTER SET utf8 COLLATE utf8_general_ci NULL DEFAULT NULL COMMENT 'JAVA字段名',
  `is_pk` char(1) CHARACTER SET utf8 COLLATE utf8_general_ci NULL DEFAULT NULL COMMENT '是否主键（1是）',
  `is_increment` char(1) CHARACTER SET utf8 COLLATE utf8_general_ci NULL DEFAULT NULL COMMENT '是否自增（1是）',
  `is_required` char(1) CHARACTER SET utf8 COLLATE utf8_general_ci NULL DEFAULT NULL COMMENT '是否必填（1是）',
  `is_insert` char(1) CHARACTER SET utf8 COLLATE utf8_general_ci NULL DEFAULT NULL COMMENT '是否为插入字段（1是）',
  `is_edit` char(1) CHARACTER SET utf8 COLLATE utf8_general_ci NULL DEFAULT NULL COMMENT '是否编辑字段（1是）',
  `is_list` char(1) CHARACTER SET utf8 COLLATE utf8_general_ci NULL DEFAULT NULL COMMENT '是否列表字段（1是）',
  `is_query` char(1) CHARACTER SET utf8 COLLATE utf8_general_ci NULL DEFAULT NULL COMMENT '是否查询字段（1是）',
  `query_type` varchar(200) CHARACTER SET utf8 COLLATE utf8_general_ci NULL DEFAULT 'EQ' COMMENT '查询方式（等于、不等于、大于、小于、范围）',
  `html_type` varchar(200) CHARACTER SET utf8 COLLATE utf8_general_ci NULL DEFAULT NULL COMMENT '显示类型（文本框、文本域、下拉框、复选框、单选框、日期控件）',
  `dict_type` varchar(200) CHARACTER SET utf8 COLLATE utf8_general_ci NULL DEFAULT '' COMMENT '字典类型',
  `sort` int(11) NULL DEFAULT NULL COMMENT '排序',
  `create_by` varchar(64) CHARACTER SET utf8 COLLATE utf8_general_ci NULL DEFAULT '' COMMENT '创建者',
  `create_time` datetime NULL DEFAULT NULL COMMENT '创建时间',
  `update_by` varchar(64) CHARACTER SET utf8 COLLATE utf8_general_ci NULL DEFAULT '' COMMENT '更新者',
  `update_time` datetime NULL DEFAULT NULL COMMENT '更新时间',
  PRIMARY KEY (`column_id`) USING BTREE
) ENGINE = InnoDB AUTO_INCREMENT = 13 CHARACTER SET = utf8 COLLATE = utf8_general_ci COMMENT = '代码生成业务表字段' ROW_FORMAT = Dynamic;

-- ----------------------------
-- Records of gen_table_column
-- ----------------------------
INSERT INTO `gen_table_column` VALUES (1, 1, 'id', '主键', 'int(11)', 'Long', 'id', '1', '1', NULL, '1', NULL, NULL, NULL, 'EQ', 'input', '', 1, 'admin', '2023-08-21 14:58:14', '', NULL);
INSERT INTO `gen_table_column` VALUES (2, 1, 'name', '姓名', 'varchar(100)', 'String', 'name', '0', '0', '1', '1', '1', '1', '1', 'LIKE', 'input', '', 2, 'admin', '2023-08-21 14:58:14', '', NULL);
INSERT INTO `gen_table_column` VALUES (3, 1, 'num', '学号', 'varchar(50)', 'String', 'num', '0', '0', '1', '1', '1', '1', '1', 'EQ', 'input', '', 3, 'admin', '2023-08-21 14:58:14', '', NULL);
INSERT INTO `gen_table_column` VALUES (4, 1, 'sex', '性别', 'char(10)', 'String', 'sex', '0', '0', NULL, '1', '1', '1', '1', 'EQ', 'select', '', 4, 'admin', '2023-08-21 14:58:14', '', NULL);
INSERT INTO `gen_table_column` VALUES (5, 1, 'class_code', '班级代码', 'varchar(20)', 'String', 'classCode', '0', '0', NULL, '1', '1', '1', '1', 'EQ', 'input', '', 5, 'admin', '2023-08-21 14:58:14', '', NULL);
INSERT INTO `gen_table_column` VALUES (6, 1, 'class_name', '班级名称', 'varchar(50)', 'String', 'className', '0', '0', NULL, '1', '1', '1', '1', 'LIKE', 'input', '', 6, 'admin', '2023-08-21 14:58:14', '', NULL);
INSERT INTO `gen_table_column` VALUES (7, 1, 'grade', '年级', 'varchar(10)', 'String', 'grade', '0', '0', NULL, '1', '1', '1', '1', 'EQ', 'input', '', 7, 'admin', '2023-08-21 14:58:14', '', NULL);
INSERT INTO `gen_table_column` VALUES (8, 2, 'id', '主键', 'int(11)', 'Long', 'id', '1', '1', NULL, '1', NULL, NULL, NULL, 'EQ', 'input', '', 1, 'admin', '2023-08-21 14:58:14', '', NULL);
INSERT INTO `gen_table_column` VALUES (9, 2, 'student_id', '学生', 'int(11)', 'Long', 'studentId', '0', '0', '1', '1', '1', '1', '1', 'EQ', 'input', '', 2, 'admin', '2023-08-21 14:58:14', '', NULL);
INSERT INTO `gen_table_column` VALUES (10, 2, 'name', '姓名', 'varchar(100)', 'String', 'name', '0', '0', '1', '1', '1', '1', '1', 'LIKE', 'input', '', 3, 'admin', '2023-08-21 14:58:14', '', NULL);
INSERT INTO `gen_table_column` VALUES (11, 2, 'type', '关系', 'varchar(50)', 'String', 'type', '0', '0', '1', '1', '1', '1', '1', 'EQ', 'select', '', 4, 'admin', '2023-08-21 14:58:14', '', NULL);
INSERT INTO `gen_table_column` VALUES (12, 2, 'phone', '联系电话', 'varchar(20)', 'String', 'phone', '0', '0', NULL, '1', '1', '1', '1', 'EQ', 'input', '', 5, 'admin', '2023-08-21 14:58:14', '', NULL);

-- ----------------------------
-- Table structure for qrtz_blob_triggers
-- ----------------------------
DROP TABLE IF EXISTS `qrtz_blob_triggers`;
CREATE TABLE `qrtz_blob_triggers`  (
  `sched_name` varchar(120) CHARACTER SET utf8 COLLATE utf8_general_ci NOT NULL COMMENT '调度名称',
  `trigger_name` varchar(200) CHARACTER SET utf8 COLLATE utf8_general_ci NOT NULL COMMENT 'qrtz_triggers表trigger_name的外键',
  `trigger_group` varchar(200) CHARACTER SET utf8 COLLATE utf8_general_ci NOT NULL COMMENT 'qrtz_triggers表trigger_group的外键',
  `blob_data` blob NULL COMMENT '存放持久化Trigger对象',
  PRIMARY KEY (`sched_name`, `trigger_name`, `trigger_group`) USING BTREE,
  CONSTRAINT `qrtz_blob_triggers_ibfk_1` FOREIGN KEY (`sched_name`, `trigger_name`, `trigger_group`) REFERENCES `qrtz_triggers` (`sched_name`, `trigger_name`, `trigger_group`) ON DELETE RESTRICT ON UPDATE RESTRICT
) ENGINE = InnoDB CHARACTER SET = utf8 COLLATE = utf8_general_ci COMMENT = 'Blob类型的触发器表' ROW_FORMAT = Dynamic;

-- ----------------------------
-- Records of qrtz_blob_triggers
-- ----------------------------

-- ----------------------------
-- Table structure for qrtz_calendars
-- ----------------------------
DROP TABLE IF EXISTS `qrtz_calendars`;
CREATE TABLE `qrtz_calendars`  (
  `sched_name` varchar(120) CHARACTER SET utf8 COLLATE utf8_general_ci NOT NULL COMMENT '调度名称',
  `calendar_name` varchar(200) CHARACTER SET utf8 COLLATE utf8_general_ci NOT NULL COMMENT '日历名称',
  `calendar` blob NOT NULL COMMENT '存放持久化calendar对象',
  PRIMARY KEY (`sched_name`, `calendar_name`) USING BTREE
) ENGINE = InnoDB CHARACTER SET = utf8 COLLATE = utf8_general_ci COMMENT = '日历信息表' ROW_FORMAT = Dynamic;

-- ----------------------------
-- Records of qrtz_calendars
-- ----------------------------

-- ----------------------------
-- Table structure for qrtz_cron_triggers
-- ----------------------------
DROP TABLE IF EXISTS `qrtz_cron_triggers`;
CREATE TABLE `qrtz_cron_triggers`  (
  `sched_name` varchar(120) CHARACTER SET utf8 COLLATE utf8_general_ci NOT NULL COMMENT '调度名称',
  `trigger_name` varchar(200) CHARACTER SET utf8 COLLATE utf8_general_ci NOT NULL COMMENT 'qrtz_triggers表trigger_name的外键',
  `trigger_group` varchar(200) CHARACTER SET utf8 COLLATE utf8_general_ci NOT NULL COMMENT 'qrtz_triggers表trigger_group的外键',
  `cron_expression` varchar(200) CHARACTER SET utf8 COLLATE utf8_general_ci NOT NULL COMMENT 'cron表达式',
  `time_zone_id` varchar(80) CHARACTER SET utf8 COLLATE utf8_general_ci NULL DEFAULT NULL COMMENT '时区',
  PRIMARY KEY (`sched_name`, `trigger_name`, `trigger_group`) USING BTREE,
  CONSTRAINT `qrtz_cron_triggers_ibfk_1` FOREIGN KEY (`sched_name`, `trigger_name`, `trigger_group`) REFERENCES `qrtz_triggers` (`sched_name`, `trigger_name`, `trigger_group`) ON DELETE RESTRICT ON UPDATE RESTRICT
) ENGINE = InnoDB CHARACTER SET = utf8 COLLATE = utf8_general_ci COMMENT = 'Cron类型的触发器表' ROW_FORMAT = Dynamic;

-- ----------------------------
-- Records of qrtz_cron_triggers
-- ----------------------------

-- ----------------------------
-- Table structure for qrtz_fired_triggers
-- ----------------------------
DROP TABLE IF EXISTS `qrtz_fired_triggers`;
CREATE TABLE `qrtz_fired_triggers`  (
  `sched_name` varchar(120) CHARACTER SET utf8 COLLATE utf8_general_ci NOT NULL COMMENT '调度名称',
  `entry_id` varchar(95) CHARACTER SET utf8 COLLATE utf8_general_ci NOT NULL COMMENT '调度器实例id',
  `trigger_name` varchar(200) CHARACTER SET utf8 COLLATE utf8_general_ci NOT NULL COMMENT 'qrtz_triggers表trigger_name的外键',
  `trigger_group` varchar(200) CHARACTER SET utf8 COLLATE utf8_general_ci NOT NULL COMMENT 'qrtz_triggers表trigger_group的外键',
  `instance_name` varchar(200) CHARACTER SET utf8 COLLATE utf8_general_ci NOT NULL COMMENT '调度器实例名',
  `fired_time` bigint(13) NOT NULL COMMENT '触发的时间',
  `sched_time` bigint(13) NOT NULL COMMENT '定时器制定的时间',
  `priority` int(11) NOT NULL COMMENT '优先级',
  `state` varchar(16) CHARACTER SET utf8 COLLATE utf8_general_ci NOT NULL COMMENT '状态',
  `job_name` varchar(200) CHARACTER SET utf8 COLLATE utf8_general_ci NULL DEFAULT NULL COMMENT '任务名称',
  `job_group` varchar(200) CHARACTER SET utf8 COLLATE utf8_general_ci NULL DEFAULT NULL COMMENT '任务组名',
  `is_nonconcurrent` varchar(1) CHARACTER SET utf8 COLLATE utf8_general_ci NULL DEFAULT NULL COMMENT '是否并发',
  `requests_recovery` varchar(1) CHARACTER SET utf8 COLLATE utf8_general_ci NULL DEFAULT NULL COMMENT '是否接受恢复执行',
  PRIMARY KEY (`sched_name`, `entry_id`) USING BTREE
) ENGINE = InnoDB CHARACTER SET = utf8 COLLATE = utf8_general_ci COMMENT = '已触发的触发器表' ROW_FORMAT = Dynamic;

-- ----------------------------
-- Records of qrtz_fired_triggers
-- ----------------------------

-- ----------------------------
-- Table structure for qrtz_job_details
-- ----------------------------
DROP TABLE IF EXISTS `qrtz_job_details`;
CREATE TABLE `qrtz_job_details`  (
  `sched_name` varchar(120) CHARACTER SET utf8 COLLATE utf8_general_ci NOT NULL COMMENT '调度名称',
  `job_name` varchar(200) CHARACTER SET utf8 COLLATE utf8_general_ci NOT NULL COMMENT '任务名称',
  `job_group` varchar(200) CHARACTER SET utf8 COLLATE utf8_general_ci NOT NULL COMMENT '任务组名',
  `description` varchar(250) CHARACTER SET utf8 COLLATE utf8_general_ci NULL DEFAULT NULL COMMENT '相关介绍',
  `job_class_name` varchar(250) CHARACTER SET utf8 COLLATE utf8_general_ci NOT NULL COMMENT '执行任务类名称',
  `is_durable` varchar(1) CHARACTER SET utf8 COLLATE utf8_general_ci NOT NULL COMMENT '是否持久化',
  `is_nonconcurrent` varchar(1) CHARACTER SET utf8 COLLATE utf8_general_ci NOT NULL COMMENT '是否并发',
  `is_update_data` varchar(1) CHARACTER SET utf8 COLLATE utf8_general_ci NOT NULL COMMENT '是否更新数据',
  `requests_recovery` varchar(1) CHARACTER SET utf8 COLLATE utf8_general_ci NOT NULL COMMENT '是否接受恢复执行',
  `job_data` blob NULL COMMENT '存放持久化job对象',
  PRIMARY KEY (`sched_name`, `job_name`, `job_group`) USING BTREE
) ENGINE = InnoDB CHARACTER SET = utf8 COLLATE = utf8_general_ci COMMENT = '任务详细信息表' ROW_FORMAT = Dynamic;

-- ----------------------------
-- Records of qrtz_job_details
-- ----------------------------

-- ----------------------------
-- Table structure for qrtz_locks
-- ----------------------------
DROP TABLE IF EXISTS `qrtz_locks`;
CREATE TABLE `qrtz_locks`  (
  `sched_name` varchar(120) CHARACTER SET utf8 COLLATE utf8_general_ci NOT NULL COMMENT '调度名称',
  `lock_name` varchar(40) CHARACTER SET utf8 COLLATE utf8_general_ci NOT NULL COMMENT '悲观锁名称',
  PRIMARY KEY (`sched_name`, `lock_name`) USING BTREE
) ENGINE = InnoDB CHARACTER SET = utf8 COLLATE = utf8_general_ci COMMENT = '存储的悲观锁信息表' ROW_FORMAT = Dynamic;

-- ----------------------------
-- Records of qrtz_locks
-- ----------------------------

-- ----------------------------
-- Table structure for qrtz_paused_trigger_grps
-- ----------------------------
DROP TABLE IF EXISTS `qrtz_paused_trigger_grps`;
CREATE TABLE `qrtz_paused_trigger_grps`  (
  `sched_name` varchar(120) CHARACTER SET utf8 COLLATE utf8_general_ci NOT NULL COMMENT '调度名称',
  `trigger_group` varchar(200) CHARACTER SET utf8 COLLATE utf8_general_ci NOT NULL COMMENT 'qrtz_triggers表trigger_group的外键',
  PRIMARY KEY (`sched_name`, `trigger_group`) USING BTREE
) ENGINE = InnoDB CHARACTER SET = utf8 COLLATE = utf8_general_ci COMMENT = '暂停的触发器表' ROW_FORMAT = Dynamic;

-- ----------------------------
-- Records of qrtz_paused_trigger_grps
-- ----------------------------

-- ----------------------------
-- Table structure for qrtz_scheduler_state
-- ----------------------------
DROP TABLE IF EXISTS `qrtz_scheduler_state`;
CREATE TABLE `qrtz_scheduler_state`  (
  `sched_name` varchar(120) CHARACTER SET utf8 COLLATE utf8_general_ci NOT NULL COMMENT '调度名称',
  `instance_name` varchar(200) CHARACTER SET utf8 COLLATE utf8_general_ci NOT NULL COMMENT '实例名称',
  `last_checkin_time` bigint(13) NOT NULL COMMENT '上次检查时间',
  `checkin_interval` bigint(13) NOT NULL COMMENT '检查间隔时间',
  PRIMARY KEY (`sched_name`, `instance_name`) USING BTREE
) ENGINE = InnoDB CHARACTER SET = utf8 COLLATE = utf8_general_ci COMMENT = '调度器状态表' ROW_FORMAT = Dynamic;

-- ----------------------------
-- Records of qrtz_scheduler_state
-- ----------------------------

-- ----------------------------
-- Table structure for qrtz_simple_triggers
-- ----------------------------
DROP TABLE IF EXISTS `qrtz_simple_triggers`;
CREATE TABLE `qrtz_simple_triggers`  (
  `sched_name` varchar(120) CHARACTER SET utf8 COLLATE utf8_general_ci NOT NULL COMMENT '调度名称',
  `trigger_name` varchar(200) CHARACTER SET utf8 COLLATE utf8_general_ci NOT NULL COMMENT 'qrtz_triggers表trigger_name的外键',
  `trigger_group` varchar(200) CHARACTER SET utf8 COLLATE utf8_general_ci NOT NULL COMMENT 'qrtz_triggers表trigger_group的外键',
  `repeat_count` bigint(7) NOT NULL COMMENT '重复的次数统计',
  `repeat_interval` bigint(12) NOT NULL COMMENT '重复的间隔时间',
  `times_triggered` bigint(10) NOT NULL COMMENT '已经触发的次数',
  PRIMARY KEY (`sched_name`, `trigger_name`, `trigger_group`) USING BTREE,
  CONSTRAINT `qrtz_simple_triggers_ibfk_1` FOREIGN KEY (`sched_name`, `trigger_name`, `trigger_group`) REFERENCES `qrtz_triggers` (`sched_name`, `trigger_name`, `trigger_group`) ON DELETE RESTRICT ON UPDATE RESTRICT
) ENGINE = InnoDB CHARACTER SET = utf8 COLLATE = utf8_general_ci COMMENT = '简单触发器的信息表' ROW_FORMAT = Dynamic;

-- ----------------------------
-- Records of qrtz_simple_triggers
-- ----------------------------

-- ----------------------------
-- Table structure for qrtz_simprop_triggers
-- ----------------------------
DROP TABLE IF EXISTS `qrtz_simprop_triggers`;
CREATE TABLE `qrtz_simprop_triggers`  (
  `sched_name` varchar(120) CHARACTER SET utf8 COLLATE utf8_general_ci NOT NULL COMMENT '调度名称',
  `trigger_name` varchar(200) CHARACTER SET utf8 COLLATE utf8_general_ci NOT NULL COMMENT 'qrtz_triggers表trigger_name的外键',
  `trigger_group` varchar(200) CHARACTER SET utf8 COLLATE utf8_general_ci NOT NULL COMMENT 'qrtz_triggers表trigger_group的外键',
  `str_prop_1` varchar(512) CHARACTER SET utf8 COLLATE utf8_general_ci NULL DEFAULT NULL COMMENT 'String类型的trigger的第一个参数',
  `str_prop_2` varchar(512) CHARACTER SET utf8 COLLATE utf8_general_ci NULL DEFAULT NULL COMMENT 'String类型的trigger的第二个参数',
  `str_prop_3` varchar(512) CHARACTER SET utf8 COLLATE utf8_general_ci NULL DEFAULT NULL COMMENT 'String类型的trigger的第三个参数',
  `int_prop_1` int(11) NULL DEFAULT NULL COMMENT 'int类型的trigger的第一个参数',
  `int_prop_2` int(11) NULL DEFAULT NULL COMMENT 'int类型的trigger的第二个参数',
  `long_prop_1` bigint(20) NULL DEFAULT NULL COMMENT 'long类型的trigger的第一个参数',
  `long_prop_2` bigint(20) NULL DEFAULT NULL COMMENT 'long类型的trigger的第二个参数',
  `dec_prop_1` decimal(13, 4) NULL DEFAULT NULL COMMENT 'decimal类型的trigger的第一个参数',
  `dec_prop_2` decimal(13, 4) NULL DEFAULT NULL COMMENT 'decimal类型的trigger的第二个参数',
  `bool_prop_1` varchar(1) CHARACTER SET utf8 COLLATE utf8_general_ci NULL DEFAULT NULL COMMENT 'Boolean类型的trigger的第一个参数',
  `bool_prop_2` varchar(1) CHARACTER SET utf8 COLLATE utf8_general_ci NULL DEFAULT NULL COMMENT 'Boolean类型的trigger的第二个参数',
  PRIMARY KEY (`sched_name`, `trigger_name`, `trigger_group`) USING BTREE,
  CONSTRAINT `qrtz_simprop_triggers_ibfk_1` FOREIGN KEY (`sched_name`, `trigger_name`, `trigger_group`) REFERENCES `qrtz_triggers` (`sched_name`, `trigger_name`, `trigger_group`) ON DELETE RESTRICT ON UPDATE RESTRICT
) ENGINE = InnoDB CHARACTER SET = utf8 COLLATE = utf8_general_ci COMMENT = '同步机制的行锁表' ROW_FORMAT = Dynamic;

-- ----------------------------
-- Records of qrtz_simprop_triggers
-- ----------------------------

-- ----------------------------
-- Table structure for qrtz_triggers
-- ----------------------------
DROP TABLE IF EXISTS `qrtz_triggers`;
CREATE TABLE `qrtz_triggers`  (
  `sched_name` varchar(120) CHARACTER SET utf8 COLLATE utf8_general_ci NOT NULL COMMENT '调度名称',
  `trigger_name` varchar(200) CHARACTER SET utf8 COLLATE utf8_general_ci NOT NULL COMMENT '触发器的名字',
  `trigger_group` varchar(200) CHARACTER SET utf8 COLLATE utf8_general_ci NOT NULL COMMENT '触发器所属组的名字',
  `job_name` varchar(200) CHARACTER SET utf8 COLLATE utf8_general_ci NOT NULL COMMENT 'qrtz_job_details表job_name的外键',
  `job_group` varchar(200) CHARACTER SET utf8 COLLATE utf8_general_ci NOT NULL COMMENT 'qrtz_job_details表job_group的外键',
  `description` varchar(250) CHARACTER SET utf8 COLLATE utf8_general_ci NULL DEFAULT NULL COMMENT '相关介绍',
  `next_fire_time` bigint(13) NULL DEFAULT NULL COMMENT '上一次触发时间（毫秒）',
  `prev_fire_time` bigint(13) NULL DEFAULT NULL COMMENT '下一次触发时间（默认为-1表示不触发）',
  `priority` int(11) NULL DEFAULT NULL COMMENT '优先级',
  `trigger_state` varchar(16) CHARACTER SET utf8 COLLATE utf8_general_ci NOT NULL COMMENT '触发器状态',
  `trigger_type` varchar(8) CHARACTER SET utf8 COLLATE utf8_general_ci NOT NULL COMMENT '触发器的类型',
  `start_time` bigint(13) NOT NULL COMMENT '开始时间',
  `end_time` bigint(13) NULL DEFAULT NULL COMMENT '结束时间',
  `calendar_name` varchar(200) CHARACTER SET utf8 COLLATE utf8_general_ci NULL DEFAULT NULL COMMENT '日程表名称',
  `misfire_instr` smallint(2) NULL DEFAULT NULL COMMENT '补偿执行的策略',
  `job_data` blob NULL COMMENT '存放持久化job对象',
  PRIMARY KEY (`sched_name`, `trigger_name`, `trigger_group`) USING BTREE,
  INDEX `sched_name`(`sched_name`, `job_name`, `job_group`) USING BTREE,
  CONSTRAINT `qrtz_triggers_ibfk_1` FOREIGN KEY (`sched_name`, `job_name`, `job_group`) REFERENCES `qrtz_job_details` (`sched_name`, `job_name`, `job_group`) ON DELETE RESTRICT ON UPDATE RESTRICT
) ENGINE = InnoDB CHARACTER SET = utf8 COLLATE = utf8_general_ci COMMENT = '触发器详细信息表' ROW_FORMAT = Dynamic;

-- ----------------------------
-- Records of qrtz_triggers
-- ----------------------------

-- ----------------------------
-- Table structure for sys_config
-- ----------------------------
DROP TABLE IF EXISTS `sys_config`;
CREATE TABLE `sys_config`  (
  `config_id` int(5) NOT NULL AUTO_INCREMENT COMMENT '参数主键',
  `config_name` varchar(100) CHARACTER SET utf8 COLLATE utf8_general_ci NULL DEFAULT '' COMMENT '参数名称',
  `config_key` varchar(100) CHARACTER SET utf8 COLLATE utf8_general_ci NULL DEFAULT '' COMMENT '参数键名',
  `config_value` varchar(500) CHARACTER SET utf8 COLLATE utf8_general_ci NULL DEFAULT '' COMMENT '参数键值',
  `config_type` char(1) CHARACTER SET utf8 COLLATE utf8_general_ci NULL DEFAULT 'N' COMMENT '系统内置（Y是 N否）',
  `create_by` varchar(64) CHARACTER SET utf8 COLLATE utf8_general_ci NULL DEFAULT '' COMMENT '创建者',
  `create_time` datetime NULL DEFAULT NULL COMMENT '创建时间',
  `update_by` varchar(64) CHARACTER SET utf8 COLLATE utf8_general_ci NULL DEFAULT '' COMMENT '更新者',
  `update_time` datetime NULL DEFAULT NULL COMMENT '更新时间',
  `remark` varchar(500) CHARACTER SET utf8 COLLATE utf8_general_ci NULL DEFAULT NULL COMMENT '备注',
  PRIMARY KEY (`config_id`) USING BTREE
) ENGINE = InnoDB AUTO_INCREMENT = 7 CHARACTER SET = utf8 COLLATE = utf8_general_ci COMMENT = '参数配置表' ROW_FORMAT = Dynamic;

-- ----------------------------
-- Records of sys_config
-- ----------------------------
INSERT INTO `sys_config` VALUES (1, '主框架页-默认皮肤样式名称', 'sys.index.skinName', 'skin-blue', 'Y', 'admin', '2023-08-15 16:16:01', '', NULL, '蓝色 skin-blue、绿色 skin-green、紫色 skin-purple、红色 skin-red、黄色 skin-yellow');
INSERT INTO `sys_config` VALUES (2, '用户管理-账号初始密码', 'sys.user.initPassword', '123456', 'Y', 'admin', '2023-08-15 16:16:01', '', NULL, '初始化密码 123456');
INSERT INTO `sys_config` VALUES (3, '主框架页-侧边栏主题', 'sys.index.sideTheme', 'theme-dark', 'Y', 'admin', '2023-08-15 16:16:01', '', NULL, '深色主题theme-dark，浅色主题theme-light');
INSERT INTO `sys_config` VALUES (4, '账号自助-验证码开关', 'sys.account.captchaEnabled', 'true', 'Y', 'admin', '2023-08-15 16:16:01', '', NULL, '是否开启验证码功能（true开启，false关闭）');
INSERT INTO `sys_config` VALUES (5, '账号自助-是否开启用户注册功能', 'sys.account.registerUser', 'false', 'Y', 'admin', '2023-08-15 16:16:01', '', NULL, '是否开启注册用户功能（true开启，false关闭）');
INSERT INTO `sys_config` VALUES (6, '用户登录-黑名单列表', 'sys.login.blackIPList', '', 'Y', 'admin', '2023-08-15 16:16:01', '', NULL, '设置登录IP黑名单限制，多个匹配项以;分隔，支持匹配（*通配、网段）');

-- ----------------------------
-- Table structure for sys_dept
-- ----------------------------
DROP TABLE IF EXISTS `sys_dept`;
CREATE TABLE `sys_dept`  (
  `dept_id` bigint(20) NOT NULL AUTO_INCREMENT COMMENT '部门id',
  `parent_id` bigint(20) NULL DEFAULT 0 COMMENT '父部门id',
  `ancestors` varchar(50) CHARACTER SET utf8 COLLATE utf8_general_ci NULL DEFAULT '' COMMENT '祖级列表',
  `dept_name` varchar(30) CHARACTER SET utf8 COLLATE utf8_general_ci NULL DEFAULT '' COMMENT '部门名称',
  `order_num` int(4) NULL DEFAULT 0 COMMENT '显示顺序',
  `leader` varchar(20) CHARACTER SET utf8 COLLATE utf8_general_ci NULL DEFAULT NULL COMMENT '负责人',
  `phone` varchar(11) CHARACTER SET utf8 COLLATE utf8_general_ci NULL DEFAULT NULL COMMENT '联系电话',
  `email` varchar(50) CHARACTER SET utf8 COLLATE utf8_general_ci NULL DEFAULT NULL COMMENT '邮箱',
  `status` char(1) CHARACTER SET utf8 COLLATE utf8_general_ci NULL DEFAULT '0' COMMENT '部门状态（0正常 1停用）',
  `del_flag` char(1) CHARACTER SET utf8 COLLATE utf8_general_ci NULL DEFAULT '0' COMMENT '删除标志（0代表存在 2代表删除）',
  `create_by` varchar(64) CHARACTER SET utf8 COLLATE utf8_general_ci NULL DEFAULT '' COMMENT '创建者',
  `create_time` datetime NULL DEFAULT NULL COMMENT '创建时间',
  `update_by` varchar(64) CHARACTER SET utf8 COLLATE utf8_general_ci NULL DEFAULT '' COMMENT '更新者',
  `update_time` datetime NULL DEFAULT NULL COMMENT '更新时间',
  PRIMARY KEY (`dept_id`) USING BTREE
) ENGINE = InnoDB AUTO_INCREMENT = 110 CHARACTER SET = utf8 COLLATE = utf8_general_ci COMMENT = '部门表' ROW_FORMAT = Dynamic;

-- ----------------------------
-- Records of sys_dept
-- ----------------------------
INSERT INTO `sys_dept` VALUES (100, 0, '0', '若依科技', 0, '若依', '15888888888', 'ry@qq.com', '0', '0', 'admin', '2023-08-15 16:16:01', '', NULL);
INSERT INTO `sys_dept` VALUES (101, 100, '0,100', '深圳总公司', 1, '若依', '15888888888', 'ry@qq.com', '0', '0', 'admin', '2023-08-15 16:16:01', '', NULL);
INSERT INTO `sys_dept` VALUES (102, 100, '0,100', '长沙分公司', 2, '若依', '15888888888', 'ry@qq.com', '0', '0', 'admin', '2023-08-15 16:16:01', '', NULL);
INSERT INTO `sys_dept` VALUES (103, 101, '0,100,101', '研发部门', 1, '若依', '15888888888', 'ry@qq.com', '0', '0', 'admin', '2023-08-15 16:16:01', '', NULL);
INSERT INTO `sys_dept` VALUES (104, 101, '0,100,101', '市场部门', 2, '若依', '15888888888', 'ry@qq.com', '0', '0', 'admin', '2023-08-15 16:16:01', '', NULL);
INSERT INTO `sys_dept` VALUES (105, 101, '0,100,101', '测试部门', 3, '若依', '15888888888', 'ry@qq.com', '0', '0', 'admin', '2023-08-15 16:16:01', '', NULL);
INSERT INTO `sys_dept` VALUES (106, 101, '0,100,101', '财务部门', 4, '若依', '15888888888', 'ry@qq.com', '0', '0', 'admin', '2023-08-15 16:16:01', '', NULL);
INSERT INTO `sys_dept` VALUES (107, 101, '0,100,101', '运维部门', 5, '若依', '15888888888', 'ry@qq.com', '0', '0', 'admin', '2023-08-15 16:16:01', '', NULL);
INSERT INTO `sys_dept` VALUES (108, 102, '0,100,102', '市场部门', 1, '若依', '15888888888', 'ry@qq.com', '0', '0', 'admin', '2023-08-15 16:16:01', '', NULL);
INSERT INTO `sys_dept` VALUES (109, 102, '0,100,102', '财务部门', 2, '若依', '15888888888', 'ry@qq.com', '0', '0', 'admin', '2023-08-15 16:16:01', '', NULL);

-- ----------------------------
-- Table structure for sys_dict_data
-- ----------------------------
DROP TABLE IF EXISTS `sys_dict_data`;
CREATE TABLE `sys_dict_data`  (
  `dict_code` bigint(20) NOT NULL AUTO_INCREMENT COMMENT '字典编码',
  `dict_sort` int(4) NULL DEFAULT 0 COMMENT '字典排序',
  `dict_label` varchar(100) CHARACTER SET utf8 COLLATE utf8_general_ci NULL DEFAULT '' COMMENT '字典标签',
  `dict_value` varchar(100) CHARACTER SET utf8 COLLATE utf8_general_ci NULL DEFAULT '' COMMENT '字典键值',
  `dict_type` varchar(100) CHARACTER SET utf8 COLLATE utf8_general_ci NULL DEFAULT '' COMMENT '字典类型',
  `css_class` varchar(100) CHARACTER SET utf8 COLLATE utf8_general_ci NULL DEFAULT NULL COMMENT '样式属性（其他样式扩展）',
  `list_class` varchar(100) CHARACTER SET utf8 COLLATE utf8_general_ci NULL DEFAULT NULL COMMENT '表格回显样式',
  `is_default` char(1) CHARACTER SET utf8 COLLATE utf8_general_ci NULL DEFAULT 'N' COMMENT '是否默认（Y是 N否）',
  `status` char(1) CHARACTER SET utf8 COLLATE utf8_general_ci NULL DEFAULT '0' COMMENT '状态（0正常 1停用）',
  `create_by` varchar(64) CHARACTER SET utf8 COLLATE utf8_general_ci NULL DEFAULT '' COMMENT '创建者',
  `create_time` datetime NULL DEFAULT NULL COMMENT '创建时间',
  `update_by` varchar(64) CHARACTER SET utf8 COLLATE utf8_general_ci NULL DEFAULT '' COMMENT '更新者',
  `update_time` datetime NULL DEFAULT NULL COMMENT '更新时间',
  `remark` varchar(500) CHARACTER SET utf8 COLLATE utf8_general_ci NULL DEFAULT NULL COMMENT '备注',
  PRIMARY KEY (`dict_code`) USING BTREE
) ENGINE = InnoDB AUTO_INCREMENT = 113 CHARACTER SET = utf8 COLLATE = utf8_general_ci COMMENT = '字典数据表' ROW_FORMAT = Dynamic;

-- ----------------------------
-- Records of sys_dict_data
-- ----------------------------
INSERT INTO `sys_dict_data` VALUES (1, 1, '男', '0', 'sys_user_sex', '', '', 'Y', '0', 'admin', '2023-08-15 16:16:01', '', NULL, '性别男');
INSERT INTO `sys_dict_data` VALUES (2, 2, '女', '1', 'sys_user_sex', '', '', 'N', '0', 'admin', '2023-08-15 16:16:01', '', NULL, '性别女');
INSERT INTO `sys_dict_data` VALUES (3, 3, '未知', '2', 'sys_user_sex', '', '', 'N', '0', 'admin', '2023-08-15 16:16:01', '', NULL, '性别未知');
INSERT INTO `sys_dict_data` VALUES (4, 1, '显示', '0', 'sys_show_hide', '', 'primary', 'Y', '0', 'admin', '2023-08-15 16:16:01', '', NULL, '显示菜单');
INSERT INTO `sys_dict_data` VALUES (5, 2, '隐藏', '1', 'sys_show_hide', '', 'danger', 'N', '0', 'admin', '2023-08-15 16:16:01', '', NULL, '隐藏菜单');
INSERT INTO `sys_dict_data` VALUES (6, 1, '正常', '0', 'sys_normal_disable', '', 'primary', 'Y', '0', 'admin', '2023-08-15 16:16:01', '', NULL, '正常状态');
INSERT INTO `sys_dict_data` VALUES (7, 2, '停用', '1', 'sys_normal_disable', '', 'danger', 'N', '0', 'admin', '2023-08-15 16:16:01', '', NULL, '停用状态');
INSERT INTO `sys_dict_data` VALUES (8, 1, '正常', '0', 'sys_job_status', '', 'primary', 'Y', '0', 'admin', '2023-08-15 16:16:01', '', NULL, '正常状态');
INSERT INTO `sys_dict_data` VALUES (9, 2, '暂停', '1', 'sys_job_status', '', 'danger', 'N', '0', 'admin', '2023-08-15 16:16:01', '', NULL, '停用状态');
INSERT INTO `sys_dict_data` VALUES (10, 1, '默认', 'DEFAULT', 'sys_job_group', '', '', 'Y', '0', 'admin', '2023-08-15 16:16:01', '', NULL, '默认分组');
INSERT INTO `sys_dict_data` VALUES (11, 2, '系统', 'SYSTEM', 'sys_job_group', '', '', 'N', '0', 'admin', '2023-08-15 16:16:01', '', NULL, '系统分组');
INSERT INTO `sys_dict_data` VALUES (12, 1, '是', 'Y', 'sys_yes_no', '', 'primary', 'Y', '0', 'admin', '2023-08-15 16:16:01', '', NULL, '系统默认是');
INSERT INTO `sys_dict_data` VALUES (13, 2, '否', 'N', 'sys_yes_no', '', 'danger', 'N', '0', 'admin', '2023-08-15 16:16:01', '', NULL, '系统默认否');
INSERT INTO `sys_dict_data` VALUES (14, 1, '通知', '1', 'sys_notice_type', '', 'warning', 'Y', '0', 'admin', '2023-08-15 16:16:01', '', NULL, '通知');
INSERT INTO `sys_dict_data` VALUES (15, 2, '公告', '2', 'sys_notice_type', '', 'success', 'N', '0', 'admin', '2023-08-15 16:16:01', '', NULL, '公告');
INSERT INTO `sys_dict_data` VALUES (16, 1, '正常', '0', 'sys_notice_status', '', 'primary', 'Y', '0', 'admin', '2023-08-15 16:16:01', '', NULL, '正常状态');
INSERT INTO `sys_dict_data` VALUES (17, 2, '关闭', '1', 'sys_notice_status', '', 'danger', 'N', '0', 'admin', '2023-08-15 16:16:01', '', NULL, '关闭状态');
INSERT INTO `sys_dict_data` VALUES (18, 99, '其他', '0', 'sys_oper_type', '', 'info', 'N', '0', 'admin', '2023-08-15 16:16:01', '', NULL, '其他操作');
INSERT INTO `sys_dict_data` VALUES (19, 1, '新增', '1', 'sys_oper_type', '', 'info', 'N', '0', 'admin', '2023-08-15 16:16:01', '', NULL, '新增操作');
INSERT INTO `sys_dict_data` VALUES (20, 2, '修改', '2', 'sys_oper_type', '', 'info', 'N', '0', 'admin', '2023-08-15 16:16:01', '', NULL, '修改操作');
INSERT INTO `sys_dict_data` VALUES (21, 3, '删除', '3', 'sys_oper_type', '', 'danger', 'N', '0', 'admin', '2023-08-15 16:16:01', '', NULL, '删除操作');
INSERT INTO `sys_dict_data` VALUES (22, 4, '授权', '4', 'sys_oper_type', '', 'primary', 'N', '0', 'admin', '2023-08-15 16:16:01', '', NULL, '授权操作');
INSERT INTO `sys_dict_data` VALUES (23, 5, '导出', '5', 'sys_oper_type', '', 'warning', 'N', '0', 'admin', '2023-08-15 16:16:01', '', NULL, '导出操作');
INSERT INTO `sys_dict_data` VALUES (24, 6, '导入', '6', 'sys_oper_type', '', 'warning', 'N', '0', 'admin', '2023-08-15 16:16:01', '', NULL, '导入操作');
INSERT INTO `sys_dict_data` VALUES (25, 7, '强退', '7', 'sys_oper_type', '', 'danger', 'N', '0', 'admin', '2023-08-15 16:16:01', '', NULL, '强退操作');
INSERT INTO `sys_dict_data` VALUES (26, 8, '生成代码', '8', 'sys_oper_type', '', 'warning', 'N', '0', 'admin', '2023-08-15 16:16:01', '', NULL, '生成操作');
INSERT INTO `sys_dict_data` VALUES (27, 9, '清空数据', '9', 'sys_oper_type', '', 'danger', 'N', '0', 'admin', '2023-08-15 16:16:01', '', NULL, '清空操作');
INSERT INTO `sys_dict_data` VALUES (28, 1, '成功', '0', 'sys_common_status', '', 'primary', 'N', '0', 'admin', '2023-08-15 16:16:01', '', NULL, '正常状态');
INSERT INTO `sys_dict_data` VALUES (29, 2, '失败', '1', 'sys_common_status', '', 'danger', 'N', '0', 'admin', '2023-08-15 16:16:01', '', NULL, '停用状态');
INSERT INTO `sys_dict_data` VALUES (100, 1, '列表查询', 'table', 'api_sql_type', NULL, 'info', 'N', '0', 'admin', '2023-08-17 10:30:07', 'admin', '2023-08-17 10:31:59', NULL);
INSERT INTO `sys_dict_data` VALUES (101, 2, '数据计算', 'count', 'api_sql_type', NULL, 'primary', 'N', '0', 'admin', '2023-08-17 10:30:17', 'admin', '2023-08-17 10:31:52', NULL);
INSERT INTO `sys_dict_data` VALUES (102, 3, '报表统计', 'chart', 'api_sql_type', NULL, 'success', 'N', '0', 'admin', '2023-08-17 10:30:30', 'admin', '2023-08-17 10:31:44', NULL);
INSERT INTO `sys_dict_data` VALUES (103, 0, '子查询', 'inner', 'api_sql_type', NULL, 'danger', 'N', '0', 'admin', '2023-08-17 10:30:46', 'admin', '2023-08-17 10:31:25', NULL);
INSERT INTO `sys_dict_data` VALUES (104, 4, '数据处理', 'batch', 'api_sql_type', NULL, 'warning', 'N', '0', 'admin', '2023-08-17 10:31:01', 'admin', '2023-08-17 10:31:19', NULL);
INSERT INTO `sys_dict_data` VALUES (105, 0, '新增', 'insert', 'api_log_type', NULL, 'default', 'N', '0', 'admin', '2023-08-21 15:02:55', '', NULL, NULL);
INSERT INTO `sys_dict_data` VALUES (106, 0, '更新', 'update', 'api_log_type', NULL, 'default', 'N', '0', 'admin', '2023-08-21 15:03:03', '', NULL, NULL);
INSERT INTO `sys_dict_data` VALUES (107, 0, '删除', 'delete', 'api_log_type', NULL, 'default', 'N', '0', 'admin', '2023-08-21 15:03:11', '', NULL, NULL);
INSERT INTO `sys_dict_data` VALUES (108, 0, '导入', 'import', 'api_log_type', NULL, 'default', 'N', '0', 'admin', '2023-08-21 15:03:38', '', NULL, NULL);
INSERT INTO `sys_dict_data` VALUES (109, 0, '事件', 'event', 'api_log_type', NULL, 'default', 'N', '0', 'admin', '2023-08-21 15:03:47', 'admin', '2023-08-21 15:03:58', NULL);
INSERT INTO `sys_dict_data` VALUES (110, 0, '报错', 'error', 'api_log_type', NULL, 'default', 'N', '0', 'admin', '2023-08-21 15:04:10', '', NULL, NULL);
INSERT INTO `sys_dict_data` VALUES (111, 0, '登录', 'login', 'api_log_type', NULL, 'default', 'N', '0', 'admin', '2023-08-21 15:04:28', '', NULL, NULL);
INSERT INTO `sys_dict_data` VALUES (112, 0, '退出', 'logout', 'api_log_type', NULL, 'default', 'N', '0', 'admin', '2023-08-21 15:04:37', '', NULL, NULL);

-- ----------------------------
-- Table structure for sys_dict_type
-- ----------------------------
DROP TABLE IF EXISTS `sys_dict_type`;
CREATE TABLE `sys_dict_type`  (
  `dict_id` bigint(20) NOT NULL AUTO_INCREMENT COMMENT '字典主键',
  `dict_name` varchar(100) CHARACTER SET utf8 COLLATE utf8_general_ci NULL DEFAULT '' COMMENT '字典名称',
  `dict_type` varchar(100) CHARACTER SET utf8 COLLATE utf8_general_ci NULL DEFAULT '' COMMENT '字典类型',
  `status` char(1) CHARACTER SET utf8 COLLATE utf8_general_ci NULL DEFAULT '0' COMMENT '状态（0正常 1停用）',
  `create_by` varchar(64) CHARACTER SET utf8 COLLATE utf8_general_ci NULL DEFAULT '' COMMENT '创建者',
  `create_time` datetime NULL DEFAULT NULL COMMENT '创建时间',
  `update_by` varchar(64) CHARACTER SET utf8 COLLATE utf8_general_ci NULL DEFAULT '' COMMENT '更新者',
  `update_time` datetime NULL DEFAULT NULL COMMENT '更新时间',
  `remark` varchar(500) CHARACTER SET utf8 COLLATE utf8_general_ci NULL DEFAULT NULL COMMENT '备注',
  PRIMARY KEY (`dict_id`) USING BTREE,
  UNIQUE INDEX `dict_type`(`dict_type`) USING BTREE
) ENGINE = InnoDB AUTO_INCREMENT = 102 CHARACTER SET = utf8 COLLATE = utf8_general_ci COMMENT = '字典类型表' ROW_FORMAT = Dynamic;

-- ----------------------------
-- Records of sys_dict_type
-- ----------------------------
INSERT INTO `sys_dict_type` VALUES (1, '用户性别', 'sys_user_sex', '0', 'admin', '2023-08-15 16:16:01', '', NULL, '用户性别列表');
INSERT INTO `sys_dict_type` VALUES (2, '菜单状态', 'sys_show_hide', '0', 'admin', '2023-08-15 16:16:01', '', NULL, '菜单状态列表');
INSERT INTO `sys_dict_type` VALUES (3, '系统开关', 'sys_normal_disable', '0', 'admin', '2023-08-15 16:16:01', '', NULL, '系统开关列表');
INSERT INTO `sys_dict_type` VALUES (4, '任务状态', 'sys_job_status', '0', 'admin', '2023-08-15 16:16:01', '', NULL, '任务状态列表');
INSERT INTO `sys_dict_type` VALUES (5, '任务分组', 'sys_job_group', '0', 'admin', '2023-08-15 16:16:01', '', NULL, '任务分组列表');
INSERT INTO `sys_dict_type` VALUES (6, '系统是否', 'sys_yes_no', '0', 'admin', '2023-08-15 16:16:01', '', NULL, '系统是否列表');
INSERT INTO `sys_dict_type` VALUES (7, '通知类型', 'sys_notice_type', '0', 'admin', '2023-08-15 16:16:01', '', NULL, '通知类型列表');
INSERT INTO `sys_dict_type` VALUES (8, '通知状态', 'sys_notice_status', '0', 'admin', '2023-08-15 16:16:01', '', NULL, '通知状态列表');
INSERT INTO `sys_dict_type` VALUES (9, '操作类型', 'sys_oper_type', '0', 'admin', '2023-08-15 16:16:01', '', NULL, '操作类型列表');
INSERT INTO `sys_dict_type` VALUES (10, '系统状态', 'sys_common_status', '0', 'admin', '2023-08-15 16:16:01', '', NULL, '登录状态列表');
INSERT INTO `sys_dict_type` VALUES (100, '接口内置SQL类型', 'api_sql_type', '0', 'admin', '2023-08-17 10:29:49', '', NULL, NULL);
INSERT INTO `sys_dict_type` VALUES (101, '接口日志类型', 'api_log_type', '0', 'admin', '2023-08-21 15:02:35', '', NULL, NULL);

-- ----------------------------
-- Table structure for sys_job
-- ----------------------------
DROP TABLE IF EXISTS `sys_job`;
CREATE TABLE `sys_job`  (
  `job_id` bigint(20) NOT NULL AUTO_INCREMENT COMMENT '任务ID',
  `job_name` varchar(64) CHARACTER SET utf8 COLLATE utf8_general_ci NOT NULL DEFAULT '' COMMENT '任务名称',
  `job_group` varchar(64) CHARACTER SET utf8 COLLATE utf8_general_ci NOT NULL DEFAULT 'DEFAULT' COMMENT '任务组名',
  `invoke_target` varchar(500) CHARACTER SET utf8 COLLATE utf8_general_ci NOT NULL COMMENT '调用目标字符串',
  `cron_expression` varchar(255) CHARACTER SET utf8 COLLATE utf8_general_ci NULL DEFAULT '' COMMENT 'cron执行表达式',
  `misfire_policy` varchar(20) CHARACTER SET utf8 COLLATE utf8_general_ci NULL DEFAULT '3' COMMENT '计划执行错误策略（1立即执行 2执行一次 3放弃执行）',
  `concurrent` char(1) CHARACTER SET utf8 COLLATE utf8_general_ci NULL DEFAULT '1' COMMENT '是否并发执行（0允许 1禁止）',
  `status` char(1) CHARACTER SET utf8 COLLATE utf8_general_ci NULL DEFAULT '0' COMMENT '状态（0正常 1暂停）',
  `create_by` varchar(64) CHARACTER SET utf8 COLLATE utf8_general_ci NULL DEFAULT '' COMMENT '创建者',
  `create_time` datetime NULL DEFAULT NULL COMMENT '创建时间',
  `update_by` varchar(64) CHARACTER SET utf8 COLLATE utf8_general_ci NULL DEFAULT '' COMMENT '更新者',
  `update_time` datetime NULL DEFAULT NULL COMMENT '更新时间',
  `remark` varchar(500) CHARACTER SET utf8 COLLATE utf8_general_ci NULL DEFAULT '' COMMENT '备注信息',
  PRIMARY KEY (`job_id`, `job_name`, `job_group`) USING BTREE
) ENGINE = InnoDB AUTO_INCREMENT = 4 CHARACTER SET = utf8 COLLATE = utf8_general_ci COMMENT = '定时任务调度表' ROW_FORMAT = Dynamic;

-- ----------------------------
-- Records of sys_job
-- ----------------------------
INSERT INTO `sys_job` VALUES (1, '系统默认（无参）', 'DEFAULT', 'ryTask.ryNoParams', '0/10 * * * * ?', '3', '1', '1', 'admin', '2023-08-15 16:16:01', '', NULL, '');
INSERT INTO `sys_job` VALUES (2, '系统默认（有参）', 'DEFAULT', 'ryTask.ryParams(\'ry\')', '0/15 * * * * ?', '3', '1', '1', 'admin', '2023-08-15 16:16:01', '', NULL, '');
INSERT INTO `sys_job` VALUES (3, '系统默认（多参）', 'DEFAULT', 'ryTask.ryMultipleParams(\'ry\', true, 2000L, 316.50D, 100)', '0/20 * * * * ?', '3', '1', '1', 'admin', '2023-08-15 16:16:01', '', NULL, '');

-- ----------------------------
-- Table structure for sys_job_log
-- ----------------------------
DROP TABLE IF EXISTS `sys_job_log`;
CREATE TABLE `sys_job_log`  (
  `job_log_id` bigint(20) NOT NULL AUTO_INCREMENT COMMENT '任务日志ID',
  `job_name` varchar(64) CHARACTER SET utf8 COLLATE utf8_general_ci NOT NULL COMMENT '任务名称',
  `job_group` varchar(64) CHARACTER SET utf8 COLLATE utf8_general_ci NOT NULL COMMENT '任务组名',
  `invoke_target` varchar(500) CHARACTER SET utf8 COLLATE utf8_general_ci NOT NULL COMMENT '调用目标字符串',
  `job_message` varchar(500) CHARACTER SET utf8 COLLATE utf8_general_ci NULL DEFAULT NULL COMMENT '日志信息',
  `status` char(1) CHARACTER SET utf8 COLLATE utf8_general_ci NULL DEFAULT '0' COMMENT '执行状态（0正常 1失败）',
  `exception_info` varchar(2000) CHARACTER SET utf8 COLLATE utf8_general_ci NULL DEFAULT '' COMMENT '异常信息',
  `create_time` datetime NULL DEFAULT NULL COMMENT '创建时间',
  PRIMARY KEY (`job_log_id`) USING BTREE
) ENGINE = InnoDB AUTO_INCREMENT = 1 CHARACTER SET = utf8 COLLATE = utf8_general_ci COMMENT = '定时任务调度日志表' ROW_FORMAT = Dynamic;

-- ----------------------------
-- Records of sys_job_log
-- ----------------------------

-- ----------------------------
-- Table structure for sys_logininfor
-- ----------------------------
DROP TABLE IF EXISTS `sys_logininfor`;
CREATE TABLE `sys_logininfor`  (
  `info_id` bigint(20) NOT NULL AUTO_INCREMENT COMMENT '访问ID',
  `user_name` varchar(50) CHARACTER SET utf8 COLLATE utf8_general_ci NULL DEFAULT '' COMMENT '用户账号',
  `ipaddr` varchar(128) CHARACTER SET utf8 COLLATE utf8_general_ci NULL DEFAULT '' COMMENT '登录IP地址',
  `login_location` varchar(255) CHARACTER SET utf8 COLLATE utf8_general_ci NULL DEFAULT '' COMMENT '登录地点',
  `browser` varchar(50) CHARACTER SET utf8 COLLATE utf8_general_ci NULL DEFAULT '' COMMENT '浏览器类型',
  `os` varchar(50) CHARACTER SET utf8 COLLATE utf8_general_ci NULL DEFAULT '' COMMENT '操作系统',
  `status` char(1) CHARACTER SET utf8 COLLATE utf8_general_ci NULL DEFAULT '0' COMMENT '登录状态（0成功 1失败）',
  `msg` varchar(255) CHARACTER SET utf8 COLLATE utf8_general_ci NULL DEFAULT '' COMMENT '提示消息',
  `login_time` datetime NULL DEFAULT NULL COMMENT '访问时间',
  PRIMARY KEY (`info_id`) USING BTREE,
  INDEX `idx_sys_logininfor_s`(`status`) USING BTREE,
  INDEX `idx_sys_logininfor_lt`(`login_time`) USING BTREE
) ENGINE = InnoDB AUTO_INCREMENT = 117 CHARACTER SET = utf8 COLLATE = utf8_general_ci COMMENT = '系统访问记录' ROW_FORMAT = Dynamic;

-- ----------------------------
-- Records of sys_logininfor
-- ----------------------------
INSERT INTO `sys_logininfor` VALUES (100, 'admin', '127.0.0.1', '内网IP', 'Chrome 8', 'Windows 10', '1', '密码输入错误1次', '2023-08-15 16:57:25');
INSERT INTO `sys_logininfor` VALUES (101, 'admin', '127.0.0.1', '内网IP', 'Chrome 8', 'Windows 10', '1', '用户不存在/密码错误', '2023-08-15 16:57:25');
INSERT INTO `sys_logininfor` VALUES (102, 'admin', '127.0.0.1', '内网IP', 'Chrome 8', 'Windows 10', '1', '验证码错误', '2023-08-15 16:57:31');
INSERT INTO `sys_logininfor` VALUES (103, 'admin', '127.0.0.1', '内网IP', 'Chrome 8', 'Windows 10', '0', '登录成功', '2023-08-15 16:57:34');
INSERT INTO `sys_logininfor` VALUES (104, 'admin', '127.0.0.1', '内网IP', 'Chrome 8', 'Windows 10', '0', '登录成功', '2023-08-15 21:32:14');
INSERT INTO `sys_logininfor` VALUES (105, 'admin', '127.0.0.1', '内网IP', 'Chrome 8', 'Windows 10', '0', '登录成功', '2023-08-16 09:08:26');
INSERT INTO `sys_logininfor` VALUES (106, 'admin', '127.0.0.1', '内网IP', 'Chrome 8', 'Windows 10', '0', '登录成功', '2023-08-16 10:39:11');
INSERT INTO `sys_logininfor` VALUES (107, 'admin', '127.0.0.1', '内网IP', 'Chrome 8', 'Windows 10', '0', '登录成功', '2023-08-16 11:18:05');
INSERT INTO `sys_logininfor` VALUES (108, 'admin', '127.0.0.1', '内网IP', 'Chrome 8', 'Windows 10', '0', '登录成功', '2023-08-16 13:26:00');
INSERT INTO `sys_logininfor` VALUES (109, 'admin', '127.0.0.1', '内网IP', 'Chrome 8', 'Windows 10', '0', '登录成功', '2023-08-16 14:43:54');
INSERT INTO `sys_logininfor` VALUES (110, 'admin', '127.0.0.1', '内网IP', 'Chrome 8', 'Windows 10', '0', '登录成功', '2023-08-16 16:13:00');
INSERT INTO `sys_logininfor` VALUES (111, 'admin', '127.0.0.1', '内网IP', 'Chrome 8', 'Windows 10', '0', '登录成功', '2023-08-17 10:28:31');
INSERT INTO `sys_logininfor` VALUES (112, 'admin', '127.0.0.1', '内网IP', 'Chrome 8', 'Windows 10', '0', '登录成功', '2023-08-18 09:09:12');
INSERT INTO `sys_logininfor` VALUES (113, 'admin', '127.0.0.1', '内网IP', 'Chrome 8', 'Windows 10', '0', '登录成功', '2023-08-19 09:34:55');
INSERT INTO `sys_logininfor` VALUES (114, 'admin', '127.0.0.1', '内网IP', 'Chrome 8', 'Windows 10', '0', '登录成功', '2023-08-19 22:53:44');
INSERT INTO `sys_logininfor` VALUES (115, 'admin', '127.0.0.1', '内网IP', 'Chrome 8', 'Windows 10', '0', '登录成功', '2023-08-20 21:53:12');
INSERT INTO `sys_logininfor` VALUES (116, 'admin', '127.0.0.1', '内网IP', 'Chrome 8', 'Windows 10', '0', '登录成功', '2023-08-21 14:38:20');

-- ----------------------------
-- Table structure for sys_menu
-- ----------------------------
DROP TABLE IF EXISTS `sys_menu`;
CREATE TABLE `sys_menu`  (
  `menu_id` bigint(20) NOT NULL AUTO_INCREMENT COMMENT '菜单ID',
  `menu_name` varchar(50) CHARACTER SET utf8 COLLATE utf8_general_ci NOT NULL COMMENT '菜单名称',
  `parent_id` bigint(20) NULL DEFAULT 0 COMMENT '父菜单ID',
  `order_num` int(4) NULL DEFAULT 0 COMMENT '显示顺序',
  `path` varchar(200) CHARACTER SET utf8 COLLATE utf8_general_ci NULL DEFAULT '' COMMENT '路由地址',
  `component` varchar(255) CHARACTER SET utf8 COLLATE utf8_general_ci NULL DEFAULT NULL COMMENT '组件路径',
  `query` varchar(255) CHARACTER SET utf8 COLLATE utf8_general_ci NULL DEFAULT NULL COMMENT '路由参数',
  `is_frame` int(1) NULL DEFAULT 1 COMMENT '是否为外链（0是 1否）',
  `is_cache` int(1) NULL DEFAULT 0 COMMENT '是否缓存（0缓存 1不缓存）',
  `menu_type` char(1) CHARACTER SET utf8 COLLATE utf8_general_ci NULL DEFAULT '' COMMENT '菜单类型（M目录 C菜单 F按钮）',
  `visible` char(1) CHARACTER SET utf8 COLLATE utf8_general_ci NULL DEFAULT '0' COMMENT '菜单状态（0显示 1隐藏）',
  `status` char(1) CHARACTER SET utf8 COLLATE utf8_general_ci NULL DEFAULT '0' COMMENT '菜单状态（0正常 1停用）',
  `perms` varchar(100) CHARACTER SET utf8 COLLATE utf8_general_ci NULL DEFAULT NULL COMMENT '权限标识',
  `icon` varchar(100) CHARACTER SET utf8 COLLATE utf8_general_ci NULL DEFAULT '#' COMMENT '菜单图标',
  `create_by` varchar(64) CHARACTER SET utf8 COLLATE utf8_general_ci NULL DEFAULT '' COMMENT '创建者',
  `create_time` datetime NULL DEFAULT NULL COMMENT '创建时间',
  `update_by` varchar(64) CHARACTER SET utf8 COLLATE utf8_general_ci NULL DEFAULT '' COMMENT '更新者',
  `update_time` datetime NULL DEFAULT NULL COMMENT '更新时间',
  `remark` varchar(500) CHARACTER SET utf8 COLLATE utf8_general_ci NULL DEFAULT '' COMMENT '备注',
  PRIMARY KEY (`menu_id`) USING BTREE
) ENGINE = InnoDB AUTO_INCREMENT = 2025 CHARACTER SET = utf8 COLLATE = utf8_general_ci COMMENT = '菜单权限表' ROW_FORMAT = Dynamic;

-- ----------------------------
-- Records of sys_menu
-- ----------------------------
INSERT INTO `sys_menu` VALUES (1, '系统管理', 0, 1, 'system', NULL, '', 1, 0, 'M', '0', '0', '', 'system', 'admin', '2023-08-15 16:16:01', '', NULL, '系统管理目录');
INSERT INTO `sys_menu` VALUES (2, '系统监控', 0, 2, 'monitor', NULL, '', 1, 0, 'M', '0', '0', '', 'monitor', 'admin', '2023-08-15 16:16:01', '', NULL, '系统监控目录');
INSERT INTO `sys_menu` VALUES (3, '系统工具', 0, 3, 'tool', NULL, '', 1, 0, 'M', '0', '0', '', 'tool', 'admin', '2023-08-15 16:16:01', '', NULL, '系统工具目录');
INSERT INTO `sys_menu` VALUES (4, '若依官网', 0, 4, 'http://ruoyi.vip', NULL, '', 0, 0, 'M', '0', '0', '', 'guide', 'admin', '2023-08-15 16:16:01', '', NULL, '若依官网地址');
INSERT INTO `sys_menu` VALUES (100, '用户管理', 1, 1, 'user', 'system/user/index', '', 1, 0, 'C', '0', '0', 'system:user:list', 'user', 'admin', '2023-08-15 16:16:01', '', NULL, '用户管理菜单');
INSERT INTO `sys_menu` VALUES (101, '角色管理', 1, 2, 'role', 'system/role/index', '', 1, 0, 'C', '0', '0', 'system:role:list', 'peoples', 'admin', '2023-08-15 16:16:01', '', NULL, '角色管理菜单');
INSERT INTO `sys_menu` VALUES (102, '菜单管理', 1, 3, 'menu', 'system/menu/index', '', 1, 0, 'C', '0', '0', 'system:menu:list', 'tree-table', 'admin', '2023-08-15 16:16:01', '', NULL, '菜单管理菜单');
INSERT INTO `sys_menu` VALUES (103, '部门管理', 1, 4, 'dept', 'system/dept/index', '', 1, 0, 'C', '0', '0', 'system:dept:list', 'tree', 'admin', '2023-08-15 16:16:01', '', NULL, '部门管理菜单');
INSERT INTO `sys_menu` VALUES (104, '岗位管理', 1, 5, 'post', 'system/post/index', '', 1, 0, 'C', '0', '0', 'system:post:list', 'post', 'admin', '2023-08-15 16:16:01', '', NULL, '岗位管理菜单');
INSERT INTO `sys_menu` VALUES (105, '字典管理', 1, 6, 'dict', 'system/dict/index', '', 1, 0, 'C', '0', '0', 'system:dict:list', 'dict', 'admin', '2023-08-15 16:16:01', '', NULL, '字典管理菜单');
INSERT INTO `sys_menu` VALUES (106, '参数设置', 1, 7, 'config', 'system/config/index', '', 1, 0, 'C', '0', '0', 'system:config:list', 'edit', 'admin', '2023-08-15 16:16:01', '', NULL, '参数设置菜单');
INSERT INTO `sys_menu` VALUES (107, '通知公告', 1, 8, 'notice', 'system/notice/index', '', 1, 0, 'C', '0', '0', 'system:notice:list', 'message', 'admin', '2023-08-15 16:16:01', '', NULL, '通知公告菜单');
INSERT INTO `sys_menu` VALUES (108, '日志管理', 1, 9, 'log', '', '', 1, 0, 'M', '0', '0', '', 'log', 'admin', '2023-08-15 16:16:01', '', NULL, '日志管理菜单');
INSERT INTO `sys_menu` VALUES (109, '在线用户', 2, 1, 'online', 'monitor/online/index', '', 1, 0, 'C', '0', '0', 'monitor:online:list', 'online', 'admin', '2023-08-15 16:16:01', '', NULL, '在线用户菜单');
INSERT INTO `sys_menu` VALUES (110, '定时任务', 2, 2, 'job', 'monitor/job/index', '', 1, 0, 'C', '0', '0', 'monitor:job:list', 'job', 'admin', '2023-08-15 16:16:01', '', NULL, '定时任务菜单');
INSERT INTO `sys_menu` VALUES (111, '数据监控', 2, 3, 'druid', 'monitor/druid/index', '', 1, 0, 'C', '0', '0', 'monitor:druid:list', 'druid', 'admin', '2023-08-15 16:16:01', '', NULL, '数据监控菜单');
INSERT INTO `sys_menu` VALUES (112, '服务监控', 2, 4, 'server', 'monitor/server/index', '', 1, 0, 'C', '0', '0', 'monitor:server:list', 'server', 'admin', '2023-08-15 16:16:01', '', NULL, '服务监控菜单');
INSERT INTO `sys_menu` VALUES (113, '缓存监控', 2, 5, 'cache', 'monitor/cache/index', '', 1, 0, 'C', '0', '0', 'monitor:cache:list', 'redis', 'admin', '2023-08-15 16:16:01', '', NULL, '缓存监控菜单');
INSERT INTO `sys_menu` VALUES (114, '缓存列表', 2, 6, 'cacheList', 'monitor/cache/list', '', 1, 0, 'C', '0', '0', 'monitor:cache:list', 'redis-list', 'admin', '2023-08-15 16:16:01', '', NULL, '缓存列表菜单');
INSERT INTO `sys_menu` VALUES (115, '表单构建', 3, 1, 'build', 'tool/build/index', '', 1, 0, 'C', '0', '0', 'tool:build:list', 'build', 'admin', '2023-08-15 16:16:01', '', NULL, '表单构建菜单');
INSERT INTO `sys_menu` VALUES (116, '代码生成', 3, 2, 'gen', 'tool/gen/index', '', 1, 0, 'C', '0', '0', 'tool:gen:list', 'code', 'admin', '2023-08-15 16:16:01', '', NULL, '代码生成菜单');
INSERT INTO `sys_menu` VALUES (117, '系统接口', 3, 3, 'swagger', 'tool/swagger/index', '', 1, 0, 'C', '0', '0', 'tool:swagger:list', 'swagger', 'admin', '2023-08-15 16:16:01', '', NULL, '系统接口菜单');
INSERT INTO `sys_menu` VALUES (500, '操作日志', 108, 1, 'operlog', 'monitor/operlog/index', '', 1, 0, 'C', '0', '0', 'monitor:operlog:list', 'form', 'admin', '2023-08-15 16:16:01', '', NULL, '操作日志菜单');
INSERT INTO `sys_menu` VALUES (501, '登录日志', 108, 2, 'logininfor', 'monitor/logininfor/index', '', 1, 0, 'C', '0', '0', 'monitor:logininfor:list', 'logininfor', 'admin', '2023-08-15 16:16:01', '', NULL, '登录日志菜单');
INSERT INTO `sys_menu` VALUES (1000, '用户查询', 100, 1, '', '', '', 1, 0, 'F', '0', '0', 'system:user:query', '#', 'admin', '2023-08-15 16:16:01', '', NULL, '');
INSERT INTO `sys_menu` VALUES (1001, '用户新增', 100, 2, '', '', '', 1, 0, 'F', '0', '0', 'system:user:add', '#', 'admin', '2023-08-15 16:16:01', '', NULL, '');
INSERT INTO `sys_menu` VALUES (1002, '用户修改', 100, 3, '', '', '', 1, 0, 'F', '0', '0', 'system:user:edit', '#', 'admin', '2023-08-15 16:16:01', '', NULL, '');
INSERT INTO `sys_menu` VALUES (1003, '用户删除', 100, 4, '', '', '', 1, 0, 'F', '0', '0', 'system:user:remove', '#', 'admin', '2023-08-15 16:16:01', '', NULL, '');
INSERT INTO `sys_menu` VALUES (1004, '用户导出', 100, 5, '', '', '', 1, 0, 'F', '0', '0', 'system:user:export', '#', 'admin', '2023-08-15 16:16:01', '', NULL, '');
INSERT INTO `sys_menu` VALUES (1005, '用户导入', 100, 6, '', '', '', 1, 0, 'F', '0', '0', 'system:user:import', '#', 'admin', '2023-08-15 16:16:01', '', NULL, '');
INSERT INTO `sys_menu` VALUES (1006, '重置密码', 100, 7, '', '', '', 1, 0, 'F', '0', '0', 'system:user:resetPwd', '#', 'admin', '2023-08-15 16:16:01', '', NULL, '');
INSERT INTO `sys_menu` VALUES (1007, '角色查询', 101, 1, '', '', '', 1, 0, 'F', '0', '0', 'system:role:query', '#', 'admin', '2023-08-15 16:16:01', '', NULL, '');
INSERT INTO `sys_menu` VALUES (1008, '角色新增', 101, 2, '', '', '', 1, 0, 'F', '0', '0', 'system:role:add', '#', 'admin', '2023-08-15 16:16:01', '', NULL, '');
INSERT INTO `sys_menu` VALUES (1009, '角色修改', 101, 3, '', '', '', 1, 0, 'F', '0', '0', 'system:role:edit', '#', 'admin', '2023-08-15 16:16:01', '', NULL, '');
INSERT INTO `sys_menu` VALUES (1010, '角色删除', 101, 4, '', '', '', 1, 0, 'F', '0', '0', 'system:role:remove', '#', 'admin', '2023-08-15 16:16:01', '', NULL, '');
INSERT INTO `sys_menu` VALUES (1011, '角色导出', 101, 5, '', '', '', 1, 0, 'F', '0', '0', 'system:role:export', '#', 'admin', '2023-08-15 16:16:01', '', NULL, '');
INSERT INTO `sys_menu` VALUES (1012, '菜单查询', 102, 1, '', '', '', 1, 0, 'F', '0', '0', 'system:menu:query', '#', 'admin', '2023-08-15 16:16:01', '', NULL, '');
INSERT INTO `sys_menu` VALUES (1013, '菜单新增', 102, 2, '', '', '', 1, 0, 'F', '0', '0', 'system:menu:add', '#', 'admin', '2023-08-15 16:16:01', '', NULL, '');
INSERT INTO `sys_menu` VALUES (1014, '菜单修改', 102, 3, '', '', '', 1, 0, 'F', '0', '0', 'system:menu:edit', '#', 'admin', '2023-08-15 16:16:01', '', NULL, '');
INSERT INTO `sys_menu` VALUES (1015, '菜单删除', 102, 4, '', '', '', 1, 0, 'F', '0', '0', 'system:menu:remove', '#', 'admin', '2023-08-15 16:16:01', '', NULL, '');
INSERT INTO `sys_menu` VALUES (1016, '部门查询', 103, 1, '', '', '', 1, 0, 'F', '0', '0', 'system:dept:query', '#', 'admin', '2023-08-15 16:16:01', '', NULL, '');
INSERT INTO `sys_menu` VALUES (1017, '部门新增', 103, 2, '', '', '', 1, 0, 'F', '0', '0', 'system:dept:add', '#', 'admin', '2023-08-15 16:16:01', '', NULL, '');
INSERT INTO `sys_menu` VALUES (1018, '部门修改', 103, 3, '', '', '', 1, 0, 'F', '0', '0', 'system:dept:edit', '#', 'admin', '2023-08-15 16:16:01', '', NULL, '');
INSERT INTO `sys_menu` VALUES (1019, '部门删除', 103, 4, '', '', '', 1, 0, 'F', '0', '0', 'system:dept:remove', '#', 'admin', '2023-08-15 16:16:01', '', NULL, '');
INSERT INTO `sys_menu` VALUES (1020, '岗位查询', 104, 1, '', '', '', 1, 0, 'F', '0', '0', 'system:post:query', '#', 'admin', '2023-08-15 16:16:01', '', NULL, '');
INSERT INTO `sys_menu` VALUES (1021, '岗位新增', 104, 2, '', '', '', 1, 0, 'F', '0', '0', 'system:post:add', '#', 'admin', '2023-08-15 16:16:01', '', NULL, '');
INSERT INTO `sys_menu` VALUES (1022, '岗位修改', 104, 3, '', '', '', 1, 0, 'F', '0', '0', 'system:post:edit', '#', 'admin', '2023-08-15 16:16:01', '', NULL, '');
INSERT INTO `sys_menu` VALUES (1023, '岗位删除', 104, 4, '', '', '', 1, 0, 'F', '0', '0', 'system:post:remove', '#', 'admin', '2023-08-15 16:16:01', '', NULL, '');
INSERT INTO `sys_menu` VALUES (1024, '岗位导出', 104, 5, '', '', '', 1, 0, 'F', '0', '0', 'system:post:export', '#', 'admin', '2023-08-15 16:16:01', '', NULL, '');
INSERT INTO `sys_menu` VALUES (1025, '字典查询', 105, 1, '#', '', '', 1, 0, 'F', '0', '0', 'system:dict:query', '#', 'admin', '2023-08-15 16:16:01', '', NULL, '');
INSERT INTO `sys_menu` VALUES (1026, '字典新增', 105, 2, '#', '', '', 1, 0, 'F', '0', '0', 'system:dict:add', '#', 'admin', '2023-08-15 16:16:01', '', NULL, '');
INSERT INTO `sys_menu` VALUES (1027, '字典修改', 105, 3, '#', '', '', 1, 0, 'F', '0', '0', 'system:dict:edit', '#', 'admin', '2023-08-15 16:16:01', '', NULL, '');
INSERT INTO `sys_menu` VALUES (1028, '字典删除', 105, 4, '#', '', '', 1, 0, 'F', '0', '0', 'system:dict:remove', '#', 'admin', '2023-08-15 16:16:01', '', NULL, '');
INSERT INTO `sys_menu` VALUES (1029, '字典导出', 105, 5, '#', '', '', 1, 0, 'F', '0', '0', 'system:dict:export', '#', 'admin', '2023-08-15 16:16:01', '', NULL, '');
INSERT INTO `sys_menu` VALUES (1030, '参数查询', 106, 1, '#', '', '', 1, 0, 'F', '0', '0', 'system:config:query', '#', 'admin', '2023-08-15 16:16:01', '', NULL, '');
INSERT INTO `sys_menu` VALUES (1031, '参数新增', 106, 2, '#', '', '', 1, 0, 'F', '0', '0', 'system:config:add', '#', 'admin', '2023-08-15 16:16:01', '', NULL, '');
INSERT INTO `sys_menu` VALUES (1032, '参数修改', 106, 3, '#', '', '', 1, 0, 'F', '0', '0', 'system:config:edit', '#', 'admin', '2023-08-15 16:16:01', '', NULL, '');
INSERT INTO `sys_menu` VALUES (1033, '参数删除', 106, 4, '#', '', '', 1, 0, 'F', '0', '0', 'system:config:remove', '#', 'admin', '2023-08-15 16:16:01', '', NULL, '');
INSERT INTO `sys_menu` VALUES (1034, '参数导出', 106, 5, '#', '', '', 1, 0, 'F', '0', '0', 'system:config:export', '#', 'admin', '2023-08-15 16:16:01', '', NULL, '');
INSERT INTO `sys_menu` VALUES (1035, '公告查询', 107, 1, '#', '', '', 1, 0, 'F', '0', '0', 'system:notice:query', '#', 'admin', '2023-08-15 16:16:01', '', NULL, '');
INSERT INTO `sys_menu` VALUES (1036, '公告新增', 107, 2, '#', '', '', 1, 0, 'F', '0', '0', 'system:notice:add', '#', 'admin', '2023-08-15 16:16:01', '', NULL, '');
INSERT INTO `sys_menu` VALUES (1037, '公告修改', 107, 3, '#', '', '', 1, 0, 'F', '0', '0', 'system:notice:edit', '#', 'admin', '2023-08-15 16:16:01', '', NULL, '');
INSERT INTO `sys_menu` VALUES (1038, '公告删除', 107, 4, '#', '', '', 1, 0, 'F', '0', '0', 'system:notice:remove', '#', 'admin', '2023-08-15 16:16:01', '', NULL, '');
INSERT INTO `sys_menu` VALUES (1039, '操作查询', 500, 1, '#', '', '', 1, 0, 'F', '0', '0', 'monitor:operlog:query', '#', 'admin', '2023-08-15 16:16:01', '', NULL, '');
INSERT INTO `sys_menu` VALUES (1040, '操作删除', 500, 2, '#', '', '', 1, 0, 'F', '0', '0', 'monitor:operlog:remove', '#', 'admin', '2023-08-15 16:16:01', '', NULL, '');
INSERT INTO `sys_menu` VALUES (1041, '日志导出', 500, 3, '#', '', '', 1, 0, 'F', '0', '0', 'monitor:operlog:export', '#', 'admin', '2023-08-15 16:16:01', '', NULL, '');
INSERT INTO `sys_menu` VALUES (1042, '登录查询', 501, 1, '#', '', '', 1, 0, 'F', '0', '0', 'monitor:logininfor:query', '#', 'admin', '2023-08-15 16:16:01', '', NULL, '');
INSERT INTO `sys_menu` VALUES (1043, '登录删除', 501, 2, '#', '', '', 1, 0, 'F', '0', '0', 'monitor:logininfor:remove', '#', 'admin', '2023-08-15 16:16:01', '', NULL, '');
INSERT INTO `sys_menu` VALUES (1044, '日志导出', 501, 3, '#', '', '', 1, 0, 'F', '0', '0', 'monitor:logininfor:export', '#', 'admin', '2023-08-15 16:16:01', '', NULL, '');
INSERT INTO `sys_menu` VALUES (1045, '账户解锁', 501, 4, '#', '', '', 1, 0, 'F', '0', '0', 'monitor:logininfor:unlock', '#', 'admin', '2023-08-15 16:16:01', '', NULL, '');
INSERT INTO `sys_menu` VALUES (1046, '在线查询', 109, 1, '#', '', '', 1, 0, 'F', '0', '0', 'monitor:online:query', '#', 'admin', '2023-08-15 16:16:01', '', NULL, '');
INSERT INTO `sys_menu` VALUES (1047, '批量强退', 109, 2, '#', '', '', 1, 0, 'F', '0', '0', 'monitor:online:batchLogout', '#', 'admin', '2023-08-15 16:16:01', '', NULL, '');
INSERT INTO `sys_menu` VALUES (1048, '单条强退', 109, 3, '#', '', '', 1, 0, 'F', '0', '0', 'monitor:online:forceLogout', '#', 'admin', '2023-08-15 16:16:01', '', NULL, '');
INSERT INTO `sys_menu` VALUES (1049, '任务查询', 110, 1, '#', '', '', 1, 0, 'F', '0', '0', 'monitor:job:query', '#', 'admin', '2023-08-15 16:16:01', '', NULL, '');
INSERT INTO `sys_menu` VALUES (1050, '任务新增', 110, 2, '#', '', '', 1, 0, 'F', '0', '0', 'monitor:job:add', '#', 'admin', '2023-08-15 16:16:01', '', NULL, '');
INSERT INTO `sys_menu` VALUES (1051, '任务修改', 110, 3, '#', '', '', 1, 0, 'F', '0', '0', 'monitor:job:edit', '#', 'admin', '2023-08-15 16:16:01', '', NULL, '');
INSERT INTO `sys_menu` VALUES (1052, '任务删除', 110, 4, '#', '', '', 1, 0, 'F', '0', '0', 'monitor:job:remove', '#', 'admin', '2023-08-15 16:16:01', '', NULL, '');
INSERT INTO `sys_menu` VALUES (1053, '状态修改', 110, 5, '#', '', '', 1, 0, 'F', '0', '0', 'monitor:job:changeStatus', '#', 'admin', '2023-08-15 16:16:01', '', NULL, '');
INSERT INTO `sys_menu` VALUES (1054, '任务导出', 110, 6, '#', '', '', 1, 0, 'F', '0', '0', 'monitor:job:export', '#', 'admin', '2023-08-15 16:16:01', '', NULL, '');
INSERT INTO `sys_menu` VALUES (1055, '生成查询', 116, 1, '#', '', '', 1, 0, 'F', '0', '0', 'tool:gen:query', '#', 'admin', '2023-08-15 16:16:01', '', NULL, '');
INSERT INTO `sys_menu` VALUES (1056, '生成修改', 116, 2, '#', '', '', 1, 0, 'F', '0', '0', 'tool:gen:edit', '#', 'admin', '2023-08-15 16:16:01', '', NULL, '');
INSERT INTO `sys_menu` VALUES (1057, '生成删除', 116, 3, '#', '', '', 1, 0, 'F', '0', '0', 'tool:gen:remove', '#', 'admin', '2023-08-15 16:16:01', '', NULL, '');
INSERT INTO `sys_menu` VALUES (1058, '导入代码', 116, 4, '#', '', '', 1, 0, 'F', '0', '0', 'tool:gen:import', '#', 'admin', '2023-08-15 16:16:01', '', NULL, '');
INSERT INTO `sys_menu` VALUES (1059, '预览代码', 116, 5, '#', '', '', 1, 0, 'F', '0', '0', 'tool:gen:preview', '#', 'admin', '2023-08-15 16:16:01', '', NULL, '');
INSERT INTO `sys_menu` VALUES (1060, '生成代码', 116, 6, '#', '', '', 1, 0, 'F', '0', '0', 'tool:gen:code', '#', 'admin', '2023-08-15 16:16:01', '', NULL, '');
INSERT INTO `sys_menu` VALUES (2000, '接口管理', 0, 5, 'api', NULL, NULL, 1, 0, 'M', '0', '0', NULL, 'swagger', 'admin', '2023-08-15 16:58:20', '', NULL, '');
INSERT INTO `sys_menu` VALUES (2001, '数据模型', 2000, 1, 'model', 'api/model/index', NULL, 1, 0, 'C', '0', '0', 'api:model:list', '#', 'admin', '2023-08-15 16:58:48', '', NULL, '数据模型菜单');
INSERT INTO `sys_menu` VALUES (2002, '数据模型查询', 2001, 1, '#', '', NULL, 1, 0, 'F', '0', '0', 'api:model:query', '#', 'admin', '2023-08-15 16:58:48', '', NULL, '');
INSERT INTO `sys_menu` VALUES (2003, '数据模型新增', 2001, 2, '#', '', NULL, 1, 0, 'F', '0', '0', 'api:model:add', '#', 'admin', '2023-08-15 16:58:48', '', NULL, '');
INSERT INTO `sys_menu` VALUES (2004, '数据模型修改', 2001, 3, '#', '', NULL, 1, 0, 'F', '0', '0', 'api:model:edit', '#', 'admin', '2023-08-15 16:58:48', '', NULL, '');
INSERT INTO `sys_menu` VALUES (2005, '数据模型删除', 2001, 4, '#', '', NULL, 1, 0, 'F', '0', '0', 'api:model:remove', '#', 'admin', '2023-08-15 16:58:48', '', NULL, '');
INSERT INTO `sys_menu` VALUES (2006, '数据模型导出', 2001, 5, '#', '', NULL, 1, 0, 'F', '0', '0', 'api:model:export', '#', 'admin', '2023-08-15 16:58:48', '', NULL, '');
INSERT INTO `sys_menu` VALUES (2007, '触发事件', 2000, 1, 'event', 'api/event/index', NULL, 1, 0, 'C', '0', '0', 'api:event:list', '#', 'admin', '2023-08-16 10:37:00', '', NULL, '触发事件菜单');
INSERT INTO `sys_menu` VALUES (2008, '触发事件查询', 2007, 1, '#', '', NULL, 1, 0, 'F', '0', '0', 'api:event:query', '#', 'admin', '2023-08-16 10:37:00', '', NULL, '');
INSERT INTO `sys_menu` VALUES (2009, '触发事件新增', 2007, 2, '#', '', NULL, 1, 0, 'F', '0', '0', 'api:event:add', '#', 'admin', '2023-08-16 10:37:00', '', NULL, '');
INSERT INTO `sys_menu` VALUES (2010, '触发事件修改', 2007, 3, '#', '', NULL, 1, 0, 'F', '0', '0', 'api:event:edit', '#', 'admin', '2023-08-16 10:37:00', '', NULL, '');
INSERT INTO `sys_menu` VALUES (2011, '触发事件删除', 2007, 4, '#', '', NULL, 1, 0, 'F', '0', '0', 'api:event:remove', '#', 'admin', '2023-08-16 10:37:00', '', NULL, '');
INSERT INTO `sys_menu` VALUES (2012, '触发事件导出', 2007, 5, '#', '', NULL, 1, 0, 'F', '0', '0', 'api:event:export', '#', 'admin', '2023-08-16 10:37:00', '', NULL, '');
INSERT INTO `sys_menu` VALUES (2013, '数据脚本', 2000, 1, 'sql', 'api/sql/index', NULL, 1, 0, 'C', '0', '0', 'api:sql:list', '#', 'admin', '2023-08-16 11:27:46', '', NULL, '数据脚本菜单');
INSERT INTO `sys_menu` VALUES (2014, '数据脚本查询', 2013, 1, '#', '', NULL, 1, 0, 'F', '0', '0', 'api:sql:query', '#', 'admin', '2023-08-16 11:27:46', '', NULL, '');
INSERT INTO `sys_menu` VALUES (2015, '数据脚本新增', 2013, 2, '#', '', NULL, 1, 0, 'F', '0', '0', 'api:sql:add', '#', 'admin', '2023-08-16 11:27:46', '', NULL, '');
INSERT INTO `sys_menu` VALUES (2016, '数据脚本修改', 2013, 3, '#', '', NULL, 1, 0, 'F', '0', '0', 'api:sql:edit', '#', 'admin', '2023-08-16 11:27:46', '', NULL, '');
INSERT INTO `sys_menu` VALUES (2017, '数据脚本删除', 2013, 4, '#', '', NULL, 1, 0, 'F', '0', '0', 'api:sql:remove', '#', 'admin', '2023-08-16 11:27:46', '', NULL, '');
INSERT INTO `sys_menu` VALUES (2018, '数据脚本导出', 2013, 5, '#', '', NULL, 1, 0, 'F', '0', '0', 'api:sql:export', '#', 'admin', '2023-08-16 11:27:46', '', NULL, '');
INSERT INTO `sys_menu` VALUES (2019, '接口日志', 2000, 1, 'log', 'api/log/index', NULL, 1, 0, 'C', '0', '0', 'api:log:list', '#', 'admin', '2023-08-17 09:38:15', 'admin', '2023-08-17 10:36:59', '接口日志菜单');
INSERT INTO `sys_menu` VALUES (2020, '接口日志查询', 2019, 1, '#', '', NULL, 1, 0, 'F', '0', '0', 'api:log:query', '#', 'admin', '2023-08-17 09:38:15', 'admin', '2023-08-17 10:37:12', '');
INSERT INTO `sys_menu` VALUES (2021, '接口日志新增', 2019, 2, '#', '', NULL, 1, 0, 'F', '0', '0', 'api:log:add', '#', 'admin', '2023-08-17 09:38:15', 'admin', '2023-08-17 10:37:21', '');
INSERT INTO `sys_menu` VALUES (2023, '接口日志删除', 2019, 4, '#', '', NULL, 1, 0, 'F', '0', '0', 'api:log:remove', '#', 'admin', '2023-08-17 09:38:15', 'admin', '2023-08-17 10:37:37', '');
INSERT INTO `sys_menu` VALUES (2024, '接口日志导出', 2019, 5, '#', '', NULL, 1, 0, 'F', '0', '0', 'api:log:export', '#', 'admin', '2023-08-17 09:38:15', 'admin', '2023-08-17 10:37:45', '');

-- ----------------------------
-- Table structure for sys_notice
-- ----------------------------
DROP TABLE IF EXISTS `sys_notice`;
CREATE TABLE `sys_notice`  (
  `notice_id` int(4) NOT NULL AUTO_INCREMENT COMMENT '公告ID',
  `notice_title` varchar(50) CHARACTER SET utf8 COLLATE utf8_general_ci NOT NULL COMMENT '公告标题',
  `notice_type` char(1) CHARACTER SET utf8 COLLATE utf8_general_ci NOT NULL COMMENT '公告类型（1通知 2公告）',
  `notice_content` longblob NULL COMMENT '公告内容',
  `status` char(1) CHARACTER SET utf8 COLLATE utf8_general_ci NULL DEFAULT '0' COMMENT '公告状态（0正常 1关闭）',
  `create_by` varchar(64) CHARACTER SET utf8 COLLATE utf8_general_ci NULL DEFAULT '' COMMENT '创建者',
  `create_time` datetime NULL DEFAULT NULL COMMENT '创建时间',
  `update_by` varchar(64) CHARACTER SET utf8 COLLATE utf8_general_ci NULL DEFAULT '' COMMENT '更新者',
  `update_time` datetime NULL DEFAULT NULL COMMENT '更新时间',
  `remark` varchar(255) CHARACTER SET utf8 COLLATE utf8_general_ci NULL DEFAULT NULL COMMENT '备注',
  PRIMARY KEY (`notice_id`) USING BTREE
) ENGINE = InnoDB AUTO_INCREMENT = 3 CHARACTER SET = utf8 COLLATE = utf8_general_ci COMMENT = '通知公告表' ROW_FORMAT = Dynamic;

-- ----------------------------
-- Records of sys_notice
-- ----------------------------
INSERT INTO `sys_notice` VALUES (1, '温馨提醒：2018-07-01 若依新版本发布啦', '2', 0xE696B0E78988E69CACE58685E5AEB9, '0', 'admin', '2023-08-15 16:16:01', '', NULL, '管理员');
INSERT INTO `sys_notice` VALUES (2, '维护通知：2018-07-01 若依系统凌晨维护', '1', 0xE7BBB4E68AA4E58685E5AEB9, '0', 'admin', '2023-08-15 16:16:01', '', NULL, '管理员');

-- ----------------------------
-- Table structure for sys_oper_log
-- ----------------------------
DROP TABLE IF EXISTS `sys_oper_log`;
CREATE TABLE `sys_oper_log`  (
  `oper_id` bigint(20) NOT NULL AUTO_INCREMENT COMMENT '日志主键',
  `title` varchar(50) CHARACTER SET utf8 COLLATE utf8_general_ci NULL DEFAULT '' COMMENT '模块标题',
  `business_type` int(2) NULL DEFAULT 0 COMMENT '业务类型（0其它 1新增 2修改 3删除）',
  `method` varchar(100) CHARACTER SET utf8 COLLATE utf8_general_ci NULL DEFAULT '' COMMENT '方法名称',
  `request_method` varchar(10) CHARACTER SET utf8 COLLATE utf8_general_ci NULL DEFAULT '' COMMENT '请求方式',
  `operator_type` int(1) NULL DEFAULT 0 COMMENT '操作类别（0其它 1后台用户 2手机端用户）',
  `oper_name` varchar(50) CHARACTER SET utf8 COLLATE utf8_general_ci NULL DEFAULT '' COMMENT '操作人员',
  `dept_name` varchar(50) CHARACTER SET utf8 COLLATE utf8_general_ci NULL DEFAULT '' COMMENT '部门名称',
  `oper_url` varchar(255) CHARACTER SET utf8 COLLATE utf8_general_ci NULL DEFAULT '' COMMENT '请求URL',
  `oper_ip` varchar(128) CHARACTER SET utf8 COLLATE utf8_general_ci NULL DEFAULT '' COMMENT '主机地址',
  `oper_location` varchar(255) CHARACTER SET utf8 COLLATE utf8_general_ci NULL DEFAULT '' COMMENT '操作地点',
  `oper_param` varchar(2000) CHARACTER SET utf8 COLLATE utf8_general_ci NULL DEFAULT '' COMMENT '请求参数',
  `json_result` varchar(2000) CHARACTER SET utf8 COLLATE utf8_general_ci NULL DEFAULT '' COMMENT '返回参数',
  `status` int(1) NULL DEFAULT 0 COMMENT '操作状态（0正常 1异常）',
  `error_msg` varchar(2000) CHARACTER SET utf8 COLLATE utf8_general_ci NULL DEFAULT '' COMMENT '错误消息',
  `oper_time` datetime NULL DEFAULT NULL COMMENT '操作时间',
  `cost_time` bigint(20) NULL DEFAULT 0 COMMENT '消耗时间',
  PRIMARY KEY (`oper_id`) USING BTREE,
  INDEX `idx_sys_oper_log_bt`(`business_type`) USING BTREE,
  INDEX `idx_sys_oper_log_s`(`status`) USING BTREE,
  INDEX `idx_sys_oper_log_ot`(`oper_time`) USING BTREE
) ENGINE = InnoDB AUTO_INCREMENT = 130 CHARACTER SET = utf8 COLLATE = utf8_general_ci COMMENT = '操作日志记录' ROW_FORMAT = Dynamic;

-- ----------------------------
-- Records of sys_oper_log
-- ----------------------------
INSERT INTO `sys_oper_log` VALUES (100, '个人信息', 2, 'com.ruoyi.web.controller.system.SysProfileController.updatePwd()', 'PUT', 1, 'admin', NULL, '/system/user/profile/updatePwd', '127.0.0.1', '内网IP', '{}', '{\"msg\":\"操作成功\",\"code\":200}', 0, NULL, '2023-08-15 16:57:49', 299);
INSERT INTO `sys_oper_log` VALUES (101, '菜单管理', 1, 'com.ruoyi.web.controller.system.SysMenuController.add()', 'POST', 1, 'admin', NULL, '/system/menu', '127.0.0.1', '内网IP', '{\"children\":[],\"createBy\":\"admin\",\"icon\":\"swagger\",\"isCache\":\"0\",\"isFrame\":\"1\",\"menuName\":\"接口管理\",\"menuType\":\"M\",\"orderNum\":5,\"params\":{},\"parentId\":0,\"path\":\"api\",\"status\":\"0\",\"visible\":\"0\"}', '{\"msg\":\"操作成功\",\"code\":200}', 0, NULL, '2023-08-15 16:58:20', 11);
INSERT INTO `sys_oper_log` VALUES (102, '字典类型', 1, 'com.ruoyi.web.controller.system.SysDictTypeController.add()', 'POST', 1, 'admin', NULL, '/system/dict/type', '127.0.0.1', '内网IP', '{\"createBy\":\"admin\",\"dictName\":\"接口内置SQL类型\",\"dictType\":\"api_sql_type\",\"params\":{},\"status\":\"0\"}', '{\"msg\":\"操作成功\",\"code\":200}', 0, NULL, '2023-08-17 10:29:49', 12);
INSERT INTO `sys_oper_log` VALUES (103, '字典数据', 1, 'com.ruoyi.web.controller.system.SysDictDataController.add()', 'POST', 1, 'admin', NULL, '/system/dict/data', '127.0.0.1', '内网IP', '{\"createBy\":\"admin\",\"default\":false,\"dictLabel\":\"列表查询\",\"dictSort\":1,\"dictType\":\"api_sql_type\",\"dictValue\":\"table\",\"listClass\":\"default\",\"params\":{},\"status\":\"0\"}', '{\"msg\":\"操作成功\",\"code\":200}', 0, NULL, '2023-08-17 10:30:07', 8);
INSERT INTO `sys_oper_log` VALUES (104, '字典数据', 1, 'com.ruoyi.web.controller.system.SysDictDataController.add()', 'POST', 1, 'admin', NULL, '/system/dict/data', '127.0.0.1', '内网IP', '{\"createBy\":\"admin\",\"default\":false,\"dictLabel\":\"数据计算\",\"dictSort\":2,\"dictType\":\"api_sql_type\",\"dictValue\":\"count\",\"listClass\":\"default\",\"params\":{},\"status\":\"0\"}', '{\"msg\":\"操作成功\",\"code\":200}', 0, NULL, '2023-08-17 10:30:17', 7);
INSERT INTO `sys_oper_log` VALUES (105, '字典数据', 1, 'com.ruoyi.web.controller.system.SysDictDataController.add()', 'POST', 1, 'admin', NULL, '/system/dict/data', '127.0.0.1', '内网IP', '{\"createBy\":\"admin\",\"default\":false,\"dictLabel\":\"报表统计\",\"dictSort\":3,\"dictType\":\"api_sql_type\",\"dictValue\":\"chart\",\"listClass\":\"default\",\"params\":{},\"status\":\"0\"}', '{\"msg\":\"操作成功\",\"code\":200}', 0, NULL, '2023-08-17 10:30:31', 9);
INSERT INTO `sys_oper_log` VALUES (106, '字典数据', 1, 'com.ruoyi.web.controller.system.SysDictDataController.add()', 'POST', 1, 'admin', NULL, '/system/dict/data', '127.0.0.1', '内网IP', '{\"createBy\":\"admin\",\"default\":false,\"dictLabel\":\"子查询\",\"dictSort\":0,\"dictType\":\"api_sql_type\",\"dictValue\":\"inner\",\"listClass\":\"default\",\"params\":{},\"status\":\"0\"}', '{\"msg\":\"操作成功\",\"code\":200}', 0, NULL, '2023-08-17 10:30:46', 21);
INSERT INTO `sys_oper_log` VALUES (107, '字典数据', 1, 'com.ruoyi.web.controller.system.SysDictDataController.add()', 'POST', 1, 'admin', NULL, '/system/dict/data', '127.0.0.1', '内网IP', '{\"createBy\":\"admin\",\"default\":false,\"dictLabel\":\"数据处理\",\"dictSort\":0,\"dictType\":\"api_sql_type\",\"dictValue\":\"batch\",\"listClass\":\"default\",\"params\":{},\"status\":\"0\"}', '{\"msg\":\"操作成功\",\"code\":200}', 0, NULL, '2023-08-17 10:31:01', 7);
INSERT INTO `sys_oper_log` VALUES (108, '字典数据', 2, 'com.ruoyi.web.controller.system.SysDictDataController.edit()', 'PUT', 1, 'admin', NULL, '/system/dict/data', '127.0.0.1', '内网IP', '{\"createBy\":\"admin\",\"createTime\":\"2023-08-17 10:31:01\",\"default\":false,\"dictCode\":104,\"dictLabel\":\"数据处理\",\"dictSort\":4,\"dictType\":\"api_sql_type\",\"dictValue\":\"batch\",\"isDefault\":\"N\",\"listClass\":\"warning\",\"params\":{},\"status\":\"0\",\"updateBy\":\"admin\"}', '{\"msg\":\"操作成功\",\"code\":200}', 0, NULL, '2023-08-17 10:31:19', 7);
INSERT INTO `sys_oper_log` VALUES (109, '字典数据', 2, 'com.ruoyi.web.controller.system.SysDictDataController.edit()', 'PUT', 1, 'admin', NULL, '/system/dict/data', '127.0.0.1', '内网IP', '{\"createBy\":\"admin\",\"createTime\":\"2023-08-17 10:30:46\",\"default\":false,\"dictCode\":103,\"dictLabel\":\"子查询\",\"dictSort\":0,\"dictType\":\"api_sql_type\",\"dictValue\":\"inner\",\"isDefault\":\"N\",\"listClass\":\"danger\",\"params\":{},\"status\":\"0\",\"updateBy\":\"admin\"}', '{\"msg\":\"操作成功\",\"code\":200}', 0, NULL, '2023-08-17 10:31:25', 7);
INSERT INTO `sys_oper_log` VALUES (110, '字典数据', 2, 'com.ruoyi.web.controller.system.SysDictDataController.edit()', 'PUT', 1, 'admin', NULL, '/system/dict/data', '127.0.0.1', '内网IP', '{\"createBy\":\"admin\",\"createTime\":\"2023-08-17 10:30:30\",\"default\":false,\"dictCode\":102,\"dictLabel\":\"报表统计\",\"dictSort\":3,\"dictType\":\"api_sql_type\",\"dictValue\":\"chart\",\"isDefault\":\"N\",\"listClass\":\"success\",\"params\":{},\"status\":\"0\",\"updateBy\":\"admin\"}', '{\"msg\":\"操作成功\",\"code\":200}', 0, NULL, '2023-08-17 10:31:44', 7);
INSERT INTO `sys_oper_log` VALUES (111, '字典数据', 2, 'com.ruoyi.web.controller.system.SysDictDataController.edit()', 'PUT', 1, 'admin', NULL, '/system/dict/data', '127.0.0.1', '内网IP', '{\"createBy\":\"admin\",\"createTime\":\"2023-08-17 10:30:17\",\"default\":false,\"dictCode\":101,\"dictLabel\":\"数据计算\",\"dictSort\":2,\"dictType\":\"api_sql_type\",\"dictValue\":\"count\",\"isDefault\":\"N\",\"listClass\":\"primary\",\"params\":{},\"status\":\"0\",\"updateBy\":\"admin\"}', '{\"msg\":\"操作成功\",\"code\":200}', 0, NULL, '2023-08-17 10:31:52', 6);
INSERT INTO `sys_oper_log` VALUES (112, '字典数据', 2, 'com.ruoyi.web.controller.system.SysDictDataController.edit()', 'PUT', 1, 'admin', NULL, '/system/dict/data', '127.0.0.1', '内网IP', '{\"createBy\":\"admin\",\"createTime\":\"2023-08-17 10:30:07\",\"default\":false,\"dictCode\":100,\"dictLabel\":\"列表查询\",\"dictSort\":1,\"dictType\":\"api_sql_type\",\"dictValue\":\"table\",\"isDefault\":\"N\",\"listClass\":\"info\",\"params\":{},\"status\":\"0\",\"updateBy\":\"admin\"}', '{\"msg\":\"操作成功\",\"code\":200}', 0, NULL, '2023-08-17 10:31:59', 6);
INSERT INTO `sys_oper_log` VALUES (113, '菜单管理', 2, 'com.ruoyi.web.controller.system.SysMenuController.edit()', 'PUT', 1, 'admin', NULL, '/system/menu', '127.0.0.1', '内网IP', '{\"children\":[],\"component\":\"api/log/index\",\"createTime\":\"2023-08-17 09:38:15\",\"icon\":\"#\",\"isCache\":\"0\",\"isFrame\":\"1\",\"menuId\":2019,\"menuName\":\"接口日志\",\"menuType\":\"C\",\"orderNum\":1,\"params\":{},\"parentId\":2000,\"path\":\"sql\",\"perms\":\"api:log:list\",\"status\":\"0\",\"updateBy\":\"admin\",\"visible\":\"0\"}', '{\"msg\":\"操作成功\",\"code\":200}', 0, NULL, '2023-08-17 10:36:59', 11);
INSERT INTO `sys_oper_log` VALUES (114, '菜单管理', 2, 'com.ruoyi.web.controller.system.SysMenuController.edit()', 'PUT', 1, 'admin', NULL, '/system/menu', '127.0.0.1', '内网IP', '{\"children\":[],\"component\":\"\",\"createTime\":\"2023-08-17 09:38:15\",\"icon\":\"#\",\"isCache\":\"0\",\"isFrame\":\"1\",\"menuId\":2020,\"menuName\":\"接口日志查询\",\"menuType\":\"F\",\"orderNum\":1,\"params\":{},\"parentId\":2019,\"path\":\"#\",\"perms\":\"api:log:query\",\"status\":\"0\",\"updateBy\":\"admin\",\"visible\":\"0\"}', '{\"msg\":\"操作成功\",\"code\":200}', 0, NULL, '2023-08-17 10:37:12', 5);
INSERT INTO `sys_oper_log` VALUES (115, '菜单管理', 2, 'com.ruoyi.web.controller.system.SysMenuController.edit()', 'PUT', 1, 'admin', NULL, '/system/menu', '127.0.0.1', '内网IP', '{\"children\":[],\"component\":\"\",\"createTime\":\"2023-08-17 09:38:15\",\"icon\":\"#\",\"isCache\":\"0\",\"isFrame\":\"1\",\"menuId\":2021,\"menuName\":\"接口日志新增\",\"menuType\":\"F\",\"orderNum\":2,\"params\":{},\"parentId\":2019,\"path\":\"#\",\"perms\":\"api:log:add\",\"status\":\"0\",\"updateBy\":\"admin\",\"visible\":\"0\"}', '{\"msg\":\"操作成功\",\"code\":200}', 0, NULL, '2023-08-17 10:37:21', 5);
INSERT INTO `sys_oper_log` VALUES (116, '菜单管理', 3, 'com.ruoyi.web.controller.system.SysMenuController.remove()', 'DELETE', 1, 'admin', NULL, '/system/menu/2022', '127.0.0.1', '内网IP', '{}', '{\"msg\":\"操作成功\",\"code\":200}', 0, NULL, '2023-08-17 10:37:29', 9);
INSERT INTO `sys_oper_log` VALUES (117, '菜单管理', 2, 'com.ruoyi.web.controller.system.SysMenuController.edit()', 'PUT', 1, 'admin', NULL, '/system/menu', '127.0.0.1', '内网IP', '{\"children\":[],\"component\":\"\",\"createTime\":\"2023-08-17 09:38:15\",\"icon\":\"#\",\"isCache\":\"0\",\"isFrame\":\"1\",\"menuId\":2023,\"menuName\":\"接口日志删除\",\"menuType\":\"F\",\"orderNum\":4,\"params\":{},\"parentId\":2019,\"path\":\"#\",\"perms\":\"api:log:remove\",\"status\":\"0\",\"updateBy\":\"admin\",\"visible\":\"0\"}', '{\"msg\":\"操作成功\",\"code\":200}', 0, NULL, '2023-08-17 10:37:37', 7);
INSERT INTO `sys_oper_log` VALUES (118, '菜单管理', 2, 'com.ruoyi.web.controller.system.SysMenuController.edit()', 'PUT', 1, 'admin', NULL, '/system/menu', '127.0.0.1', '内网IP', '{\"children\":[],\"component\":\"\",\"createTime\":\"2023-08-17 09:38:15\",\"icon\":\"#\",\"isCache\":\"0\",\"isFrame\":\"1\",\"menuId\":2024,\"menuName\":\"接口日志导出\",\"menuType\":\"F\",\"orderNum\":5,\"params\":{},\"parentId\":2019,\"path\":\"#\",\"perms\":\"api:log:export\",\"status\":\"0\",\"updateBy\":\"admin\",\"visible\":\"0\"}', '{\"msg\":\"操作成功\",\"code\":200}', 0, NULL, '2023-08-17 10:37:45', 5);
INSERT INTO `sys_oper_log` VALUES (119, '代码生成', 6, 'com.ruoyi.generator.controller.GenController.importTableSave()', 'POST', 1, 'admin', NULL, '/tool/gen/importTable', '127.0.0.1', '内网IP', '{\"tables\":\"data_student_parent,data_student\"}', '{\"msg\":\"操作成功\",\"code\":200}', 0, NULL, '2023-08-21 14:58:14', 81);
INSERT INTO `sys_oper_log` VALUES (120, '字典类型', 1, 'com.ruoyi.web.controller.system.SysDictTypeController.add()', 'POST', 1, 'admin', NULL, '/system/dict/type', '127.0.0.1', '内网IP', '{\"createBy\":\"admin\",\"dictName\":\"接口日志类型\",\"dictType\":\"api_log_type\",\"params\":{},\"status\":\"0\"}', '{\"msg\":\"操作成功\",\"code\":200}', 0, NULL, '2023-08-21 15:02:35', 9);
INSERT INTO `sys_oper_log` VALUES (121, '字典数据', 1, 'com.ruoyi.web.controller.system.SysDictDataController.add()', 'POST', 1, 'admin', NULL, '/system/dict/data', '127.0.0.1', '内网IP', '{\"createBy\":\"admin\",\"default\":false,\"dictLabel\":\"新增\",\"dictSort\":0,\"dictType\":\"api_log_type\",\"dictValue\":\"insert\",\"listClass\":\"default\",\"params\":{},\"status\":\"0\"}', '{\"msg\":\"操作成功\",\"code\":200}', 0, NULL, '2023-08-21 15:02:55', 9);
INSERT INTO `sys_oper_log` VALUES (122, '字典数据', 1, 'com.ruoyi.web.controller.system.SysDictDataController.add()', 'POST', 1, 'admin', NULL, '/system/dict/data', '127.0.0.1', '内网IP', '{\"createBy\":\"admin\",\"default\":false,\"dictLabel\":\"更新\",\"dictSort\":0,\"dictType\":\"api_log_type\",\"dictValue\":\"update\",\"listClass\":\"default\",\"params\":{},\"status\":\"0\"}', '{\"msg\":\"操作成功\",\"code\":200}', 0, NULL, '2023-08-21 15:03:03', 9);
INSERT INTO `sys_oper_log` VALUES (123, '字典数据', 1, 'com.ruoyi.web.controller.system.SysDictDataController.add()', 'POST', 1, 'admin', NULL, '/system/dict/data', '127.0.0.1', '内网IP', '{\"createBy\":\"admin\",\"default\":false,\"dictLabel\":\"删除\",\"dictSort\":0,\"dictType\":\"api_log_type\",\"dictValue\":\"delete\",\"listClass\":\"default\",\"params\":{},\"status\":\"0\"}', '{\"msg\":\"操作成功\",\"code\":200}', 0, NULL, '2023-08-21 15:03:11', 8);
INSERT INTO `sys_oper_log` VALUES (124, '字典数据', 1, 'com.ruoyi.web.controller.system.SysDictDataController.add()', 'POST', 1, 'admin', NULL, '/system/dict/data', '127.0.0.1', '内网IP', '{\"createBy\":\"admin\",\"default\":false,\"dictLabel\":\"导入\",\"dictSort\":0,\"dictType\":\"api_log_type\",\"dictValue\":\"import\",\"listClass\":\"default\",\"params\":{},\"status\":\"0\"}', '{\"msg\":\"操作成功\",\"code\":200}', 0, NULL, '2023-08-21 15:03:38', 10);
INSERT INTO `sys_oper_log` VALUES (125, '字典数据', 1, 'com.ruoyi.web.controller.system.SysDictDataController.add()', 'POST', 1, 'admin', NULL, '/system/dict/data', '127.0.0.1', '内网IP', '{\"createBy\":\"admin\",\"default\":false,\"dictLabel\":\"event\",\"dictSort\":0,\"dictType\":\"api_log_type\",\"dictValue\":\"事件\",\"listClass\":\"default\",\"params\":{},\"status\":\"0\"}', '{\"msg\":\"操作成功\",\"code\":200}', 0, NULL, '2023-08-21 15:03:47', 9);
INSERT INTO `sys_oper_log` VALUES (126, '字典数据', 2, 'com.ruoyi.web.controller.system.SysDictDataController.edit()', 'PUT', 1, 'admin', NULL, '/system/dict/data', '127.0.0.1', '内网IP', '{\"createBy\":\"admin\",\"createTime\":\"2023-08-21 15:03:47\",\"default\":false,\"dictCode\":109,\"dictLabel\":\"事件\",\"dictSort\":0,\"dictType\":\"api_log_type\",\"dictValue\":\"event\",\"isDefault\":\"N\",\"listClass\":\"default\",\"params\":{},\"status\":\"0\",\"updateBy\":\"admin\"}', '{\"msg\":\"操作成功\",\"code\":200}', 0, NULL, '2023-08-21 15:03:58', 9);
INSERT INTO `sys_oper_log` VALUES (127, '字典数据', 1, 'com.ruoyi.web.controller.system.SysDictDataController.add()', 'POST', 1, 'admin', NULL, '/system/dict/data', '127.0.0.1', '内网IP', '{\"createBy\":\"admin\",\"default\":false,\"dictLabel\":\"报错\",\"dictSort\":0,\"dictType\":\"api_log_type\",\"dictValue\":\"error\",\"listClass\":\"default\",\"params\":{},\"status\":\"0\"}', '{\"msg\":\"操作成功\",\"code\":200}', 0, NULL, '2023-08-21 15:04:11', 8);
INSERT INTO `sys_oper_log` VALUES (128, '字典数据', 1, 'com.ruoyi.web.controller.system.SysDictDataController.add()', 'POST', 1, 'admin', NULL, '/system/dict/data', '127.0.0.1', '内网IP', '{\"createBy\":\"admin\",\"default\":false,\"dictLabel\":\"登录\",\"dictSort\":0,\"dictType\":\"api_log_type\",\"dictValue\":\"login\",\"listClass\":\"default\",\"params\":{},\"status\":\"0\"}', '{\"msg\":\"操作成功\",\"code\":200}', 0, NULL, '2023-08-21 15:04:28', 9);
INSERT INTO `sys_oper_log` VALUES (129, '字典数据', 1, 'com.ruoyi.web.controller.system.SysDictDataController.add()', 'POST', 1, 'admin', NULL, '/system/dict/data', '127.0.0.1', '内网IP', '{\"createBy\":\"admin\",\"default\":false,\"dictLabel\":\"退出\",\"dictSort\":0,\"dictType\":\"api_log_type\",\"dictValue\":\"logout\",\"listClass\":\"default\",\"params\":{},\"status\":\"0\"}', '{\"msg\":\"操作成功\",\"code\":200}', 0, NULL, '2023-08-21 15:04:37', 8);

-- ----------------------------
-- Table structure for sys_post
-- ----------------------------
DROP TABLE IF EXISTS `sys_post`;
CREATE TABLE `sys_post`  (
  `post_id` bigint(20) NOT NULL AUTO_INCREMENT COMMENT '岗位ID',
  `post_code` varchar(64) CHARACTER SET utf8 COLLATE utf8_general_ci NOT NULL COMMENT '岗位编码',
  `post_name` varchar(50) CHARACTER SET utf8 COLLATE utf8_general_ci NOT NULL COMMENT '岗位名称',
  `post_sort` int(4) NOT NULL COMMENT '显示顺序',
  `status` char(1) CHARACTER SET utf8 COLLATE utf8_general_ci NOT NULL COMMENT '状态（0正常 1停用）',
  `create_by` varchar(64) CHARACTER SET utf8 COLLATE utf8_general_ci NULL DEFAULT '' COMMENT '创建者',
  `create_time` datetime NULL DEFAULT NULL COMMENT '创建时间',
  `update_by` varchar(64) CHARACTER SET utf8 COLLATE utf8_general_ci NULL DEFAULT '' COMMENT '更新者',
  `update_time` datetime NULL DEFAULT NULL COMMENT '更新时间',
  `remark` varchar(500) CHARACTER SET utf8 COLLATE utf8_general_ci NULL DEFAULT NULL COMMENT '备注',
  PRIMARY KEY (`post_id`) USING BTREE
) ENGINE = InnoDB AUTO_INCREMENT = 5 CHARACTER SET = utf8 COLLATE = utf8_general_ci COMMENT = '岗位信息表' ROW_FORMAT = Dynamic;

-- ----------------------------
-- Records of sys_post
-- ----------------------------
INSERT INTO `sys_post` VALUES (1, 'ceo', '董事长', 1, '0', 'admin', '2023-08-15 16:16:01', '', NULL, '');
INSERT INTO `sys_post` VALUES (2, 'se', '项目经理', 2, '0', 'admin', '2023-08-15 16:16:01', '', NULL, '');
INSERT INTO `sys_post` VALUES (3, 'hr', '人力资源', 3, '0', 'admin', '2023-08-15 16:16:01', '', NULL, '');
INSERT INTO `sys_post` VALUES (4, 'user', '普通员工', 4, '0', 'admin', '2023-08-15 16:16:01', '', NULL, '');

-- ----------------------------
-- Table structure for sys_role
-- ----------------------------
DROP TABLE IF EXISTS `sys_role`;
CREATE TABLE `sys_role`  (
  `role_id` bigint(20) NOT NULL AUTO_INCREMENT COMMENT '角色ID',
  `role_name` varchar(30) CHARACTER SET utf8 COLLATE utf8_general_ci NOT NULL COMMENT '角色名称',
  `role_key` varchar(100) CHARACTER SET utf8 COLLATE utf8_general_ci NOT NULL COMMENT '角色权限字符串',
  `role_sort` int(4) NOT NULL COMMENT '显示顺序',
  `data_scope` char(1) CHARACTER SET utf8 COLLATE utf8_general_ci NULL DEFAULT '1' COMMENT '数据范围（1：全部数据权限 2：自定数据权限 3：本部门数据权限 4：本部门及以下数据权限）',
  `menu_check_strictly` tinyint(1) NULL DEFAULT 1 COMMENT '菜单树选择项是否关联显示',
  `dept_check_strictly` tinyint(1) NULL DEFAULT 1 COMMENT '部门树选择项是否关联显示',
  `status` char(1) CHARACTER SET utf8 COLLATE utf8_general_ci NOT NULL COMMENT '角色状态（0正常 1停用）',
  `del_flag` char(1) CHARACTER SET utf8 COLLATE utf8_general_ci NULL DEFAULT '0' COMMENT '删除标志（0代表存在 2代表删除）',
  `create_by` varchar(64) CHARACTER SET utf8 COLLATE utf8_general_ci NULL DEFAULT '' COMMENT '创建者',
  `create_time` datetime NULL DEFAULT NULL COMMENT '创建时间',
  `update_by` varchar(64) CHARACTER SET utf8 COLLATE utf8_general_ci NULL DEFAULT '' COMMENT '更新者',
  `update_time` datetime NULL DEFAULT NULL COMMENT '更新时间',
  `remark` varchar(500) CHARACTER SET utf8 COLLATE utf8_general_ci NULL DEFAULT NULL COMMENT '备注',
  PRIMARY KEY (`role_id`) USING BTREE
) ENGINE = InnoDB AUTO_INCREMENT = 3 CHARACTER SET = utf8 COLLATE = utf8_general_ci COMMENT = '角色信息表' ROW_FORMAT = Dynamic;

-- ----------------------------
-- Records of sys_role
-- ----------------------------
INSERT INTO `sys_role` VALUES (1, '超级管理员', 'admin', 1, '1', 1, 1, '0', '0', 'admin', '2023-08-15 16:16:01', '', NULL, '超级管理员');
INSERT INTO `sys_role` VALUES (2, '普通角色', 'common', 2, '2', 1, 1, '0', '0', 'admin', '2023-08-15 16:16:01', '', NULL, '普通角色');

-- ----------------------------
-- Table structure for sys_role_dept
-- ----------------------------
DROP TABLE IF EXISTS `sys_role_dept`;
CREATE TABLE `sys_role_dept`  (
  `role_id` bigint(20) NOT NULL COMMENT '角色ID',
  `dept_id` bigint(20) NOT NULL COMMENT '部门ID',
  PRIMARY KEY (`role_id`, `dept_id`) USING BTREE
) ENGINE = InnoDB CHARACTER SET = utf8 COLLATE = utf8_general_ci COMMENT = '角色和部门关联表' ROW_FORMAT = Dynamic;

-- ----------------------------
-- Records of sys_role_dept
-- ----------------------------
INSERT INTO `sys_role_dept` VALUES (2, 100);
INSERT INTO `sys_role_dept` VALUES (2, 101);
INSERT INTO `sys_role_dept` VALUES (2, 105);

-- ----------------------------
-- Table structure for sys_role_menu
-- ----------------------------
DROP TABLE IF EXISTS `sys_role_menu`;
CREATE TABLE `sys_role_menu`  (
  `role_id` bigint(20) NOT NULL COMMENT '角色ID',
  `menu_id` bigint(20) NOT NULL COMMENT '菜单ID',
  PRIMARY KEY (`role_id`, `menu_id`) USING BTREE
) ENGINE = InnoDB CHARACTER SET = utf8 COLLATE = utf8_general_ci COMMENT = '角色和菜单关联表' ROW_FORMAT = Dynamic;

-- ----------------------------
-- Records of sys_role_menu
-- ----------------------------
INSERT INTO `sys_role_menu` VALUES (2, 1);
INSERT INTO `sys_role_menu` VALUES (2, 2);
INSERT INTO `sys_role_menu` VALUES (2, 3);
INSERT INTO `sys_role_menu` VALUES (2, 4);
INSERT INTO `sys_role_menu` VALUES (2, 100);
INSERT INTO `sys_role_menu` VALUES (2, 101);
INSERT INTO `sys_role_menu` VALUES (2, 102);
INSERT INTO `sys_role_menu` VALUES (2, 103);
INSERT INTO `sys_role_menu` VALUES (2, 104);
INSERT INTO `sys_role_menu` VALUES (2, 105);
INSERT INTO `sys_role_menu` VALUES (2, 106);
INSERT INTO `sys_role_menu` VALUES (2, 107);
INSERT INTO `sys_role_menu` VALUES (2, 108);
INSERT INTO `sys_role_menu` VALUES (2, 109);
INSERT INTO `sys_role_menu` VALUES (2, 110);
INSERT INTO `sys_role_menu` VALUES (2, 111);
INSERT INTO `sys_role_menu` VALUES (2, 112);
INSERT INTO `sys_role_menu` VALUES (2, 113);
INSERT INTO `sys_role_menu` VALUES (2, 114);
INSERT INTO `sys_role_menu` VALUES (2, 115);
INSERT INTO `sys_role_menu` VALUES (2, 116);
INSERT INTO `sys_role_menu` VALUES (2, 117);
INSERT INTO `sys_role_menu` VALUES (2, 500);
INSERT INTO `sys_role_menu` VALUES (2, 501);
INSERT INTO `sys_role_menu` VALUES (2, 1000);
INSERT INTO `sys_role_menu` VALUES (2, 1001);
INSERT INTO `sys_role_menu` VALUES (2, 1002);
INSERT INTO `sys_role_menu` VALUES (2, 1003);
INSERT INTO `sys_role_menu` VALUES (2, 1004);
INSERT INTO `sys_role_menu` VALUES (2, 1005);
INSERT INTO `sys_role_menu` VALUES (2, 1006);
INSERT INTO `sys_role_menu` VALUES (2, 1007);
INSERT INTO `sys_role_menu` VALUES (2, 1008);
INSERT INTO `sys_role_menu` VALUES (2, 1009);
INSERT INTO `sys_role_menu` VALUES (2, 1010);
INSERT INTO `sys_role_menu` VALUES (2, 1011);
INSERT INTO `sys_role_menu` VALUES (2, 1012);
INSERT INTO `sys_role_menu` VALUES (2, 1013);
INSERT INTO `sys_role_menu` VALUES (2, 1014);
INSERT INTO `sys_role_menu` VALUES (2, 1015);
INSERT INTO `sys_role_menu` VALUES (2, 1016);
INSERT INTO `sys_role_menu` VALUES (2, 1017);
INSERT INTO `sys_role_menu` VALUES (2, 1018);
INSERT INTO `sys_role_menu` VALUES (2, 1019);
INSERT INTO `sys_role_menu` VALUES (2, 1020);
INSERT INTO `sys_role_menu` VALUES (2, 1021);
INSERT INTO `sys_role_menu` VALUES (2, 1022);
INSERT INTO `sys_role_menu` VALUES (2, 1023);
INSERT INTO `sys_role_menu` VALUES (2, 1024);
INSERT INTO `sys_role_menu` VALUES (2, 1025);
INSERT INTO `sys_role_menu` VALUES (2, 1026);
INSERT INTO `sys_role_menu` VALUES (2, 1027);
INSERT INTO `sys_role_menu` VALUES (2, 1028);
INSERT INTO `sys_role_menu` VALUES (2, 1029);
INSERT INTO `sys_role_menu` VALUES (2, 1030);
INSERT INTO `sys_role_menu` VALUES (2, 1031);
INSERT INTO `sys_role_menu` VALUES (2, 1032);
INSERT INTO `sys_role_menu` VALUES (2, 1033);
INSERT INTO `sys_role_menu` VALUES (2, 1034);
INSERT INTO `sys_role_menu` VALUES (2, 1035);
INSERT INTO `sys_role_menu` VALUES (2, 1036);
INSERT INTO `sys_role_menu` VALUES (2, 1037);
INSERT INTO `sys_role_menu` VALUES (2, 1038);
INSERT INTO `sys_role_menu` VALUES (2, 1039);
INSERT INTO `sys_role_menu` VALUES (2, 1040);
INSERT INTO `sys_role_menu` VALUES (2, 1041);
INSERT INTO `sys_role_menu` VALUES (2, 1042);
INSERT INTO `sys_role_menu` VALUES (2, 1043);
INSERT INTO `sys_role_menu` VALUES (2, 1044);
INSERT INTO `sys_role_menu` VALUES (2, 1045);
INSERT INTO `sys_role_menu` VALUES (2, 1046);
INSERT INTO `sys_role_menu` VALUES (2, 1047);
INSERT INTO `sys_role_menu` VALUES (2, 1048);
INSERT INTO `sys_role_menu` VALUES (2, 1049);
INSERT INTO `sys_role_menu` VALUES (2, 1050);
INSERT INTO `sys_role_menu` VALUES (2, 1051);
INSERT INTO `sys_role_menu` VALUES (2, 1052);
INSERT INTO `sys_role_menu` VALUES (2, 1053);
INSERT INTO `sys_role_menu` VALUES (2, 1054);
INSERT INTO `sys_role_menu` VALUES (2, 1055);
INSERT INTO `sys_role_menu` VALUES (2, 1056);
INSERT INTO `sys_role_menu` VALUES (2, 1057);
INSERT INTO `sys_role_menu` VALUES (2, 1058);
INSERT INTO `sys_role_menu` VALUES (2, 1059);
INSERT INTO `sys_role_menu` VALUES (2, 1060);

-- ----------------------------
-- Table structure for sys_user
-- ----------------------------
DROP TABLE IF EXISTS `sys_user`;
CREATE TABLE `sys_user`  (
  `user_id` bigint(20) NOT NULL AUTO_INCREMENT COMMENT '用户ID',
  `dept_id` bigint(20) NULL DEFAULT NULL COMMENT '部门ID',
  `user_name` varchar(30) CHARACTER SET utf8 COLLATE utf8_general_ci NOT NULL COMMENT '用户账号',
  `nick_name` varchar(30) CHARACTER SET utf8 COLLATE utf8_general_ci NOT NULL COMMENT '用户昵称',
  `user_type` varchar(2) CHARACTER SET utf8 COLLATE utf8_general_ci NULL DEFAULT '00' COMMENT '用户类型（00系统用户）',
  `email` varchar(50) CHARACTER SET utf8 COLLATE utf8_general_ci NULL DEFAULT '' COMMENT '用户邮箱',
  `phonenumber` varchar(11) CHARACTER SET utf8 COLLATE utf8_general_ci NULL DEFAULT '' COMMENT '手机号码',
  `sex` char(1) CHARACTER SET utf8 COLLATE utf8_general_ci NULL DEFAULT '0' COMMENT '用户性别（0男 1女 2未知）',
  `avatar` varchar(100) CHARACTER SET utf8 COLLATE utf8_general_ci NULL DEFAULT '' COMMENT '头像地址',
  `password` varchar(100) CHARACTER SET utf8 COLLATE utf8_general_ci NULL DEFAULT '' COMMENT '密码',
  `status` char(1) CHARACTER SET utf8 COLLATE utf8_general_ci NULL DEFAULT '0' COMMENT '帐号状态（0正常 1停用）',
  `del_flag` char(1) CHARACTER SET utf8 COLLATE utf8_general_ci NULL DEFAULT '0' COMMENT '删除标志（0代表存在 2代表删除）',
  `login_ip` varchar(128) CHARACTER SET utf8 COLLATE utf8_general_ci NULL DEFAULT '' COMMENT '最后登录IP',
  `login_date` datetime NULL DEFAULT NULL COMMENT '最后登录时间',
  `create_by` varchar(64) CHARACTER SET utf8 COLLATE utf8_general_ci NULL DEFAULT '' COMMENT '创建者',
  `create_time` datetime NULL DEFAULT NULL COMMENT '创建时间',
  `update_by` varchar(64) CHARACTER SET utf8 COLLATE utf8_general_ci NULL DEFAULT '' COMMENT '更新者',
  `update_time` datetime NULL DEFAULT NULL COMMENT '更新时间',
  `remark` varchar(500) CHARACTER SET utf8 COLLATE utf8_general_ci NULL DEFAULT NULL COMMENT '备注',
  PRIMARY KEY (`user_id`) USING BTREE
) ENGINE = InnoDB AUTO_INCREMENT = 3 CHARACTER SET = utf8 COLLATE = utf8_general_ci COMMENT = '用户信息表' ROW_FORMAT = Dynamic;

-- ----------------------------
-- Records of sys_user
-- ----------------------------
INSERT INTO `sys_user` VALUES (1, 103, 'admin', '若依', '00', 'ry@163.com', '15888888888', '1', '', '$2a$10$b.CHfWg6hqMBLEtVOr6TdODqgZMqmNccf4fo8W8Hot9EEkMWmT2vK', '0', '0', '127.0.0.1', '2023-08-21 14:38:21', 'admin', '2023-08-15 16:16:01', '', '2023-08-21 14:38:20', '管理员');
INSERT INTO `sys_user` VALUES (2, 105, 'ry', '若依', '00', 'ry@qq.com', '15666666666', '1', '', '$2a$10$7JB720yubVSZvUI0rEqK/.VqGOZTH.ulu33dHOiBE8ByOhJIrdAu2', '0', '0', '127.0.0.1', '2023-08-15 16:16:01', 'admin', '2023-08-15 16:16:01', '', NULL, '测试员');

-- ----------------------------
-- Table structure for sys_user_post
-- ----------------------------
DROP TABLE IF EXISTS `sys_user_post`;
CREATE TABLE `sys_user_post`  (
  `user_id` bigint(20) NOT NULL COMMENT '用户ID',
  `post_id` bigint(20) NOT NULL COMMENT '岗位ID',
  PRIMARY KEY (`user_id`, `post_id`) USING BTREE
) ENGINE = InnoDB CHARACTER SET = utf8 COLLATE = utf8_general_ci COMMENT = '用户与岗位关联表' ROW_FORMAT = Dynamic;

-- ----------------------------
-- Records of sys_user_post
-- ----------------------------
INSERT INTO `sys_user_post` VALUES (1, 1);
INSERT INTO `sys_user_post` VALUES (2, 2);

-- ----------------------------
-- Table structure for sys_user_role
-- ----------------------------
DROP TABLE IF EXISTS `sys_user_role`;
CREATE TABLE `sys_user_role`  (
  `user_id` bigint(20) NOT NULL COMMENT '用户ID',
  `role_id` bigint(20) NOT NULL COMMENT '角色ID',
  PRIMARY KEY (`user_id`, `role_id`) USING BTREE
) ENGINE = InnoDB CHARACTER SET = utf8 COLLATE = utf8_general_ci COMMENT = '用户和角色关联表' ROW_FORMAT = Dynamic;

-- ----------------------------
-- Records of sys_user_role
-- ----------------------------
INSERT INTO `sys_user_role` VALUES (1, 1);
INSERT INTO `sys_user_role` VALUES (2, 2);

SET FOREIGN_KEY_CHECKS = 1;
